Technical Support (SL1),Hardware Support Engineer,United States of America
Technical Support (SL1),Hardware Support Engineer,United States of America
Java,Senior Java Developer,India
Java,Senior Java Developer,India
Automated Testing Others,"Senior Performance QA Engineer (C#, JS)",India
Automated Testing Others,"Senior Performance QA Engineer (C#, JS)",India
Automated Testing Others,"Senior Performance QA Engineer (C#, JS)",India
Automated Testing Others,"Senior Performance QA Engineer (C#, JS)",India
System Administration,IT Specialist & Adminstrator,Poland
System Administration,IT Specialist & Adminstrator,Poland
Murex Testing,Murex MXtest Consultant,Malaysia
Murex Testing,Murex MXtest Consultant,Malaysia
Murex Others,Murex BA,Canada
Murex Others,Murex BA,Canada
C/C++,Embedded Hardware-Software Developer,United States of America
C/C++,Embedded Hardware-Software Developer,United States of America
Cybersecurity,Azure PIM (Privileged Identity Management) Senior Engineer ,India
Cybersecurity,Azure PIM (Privileged Identity Management) Senior Engineer ,India
Cybersecurity,PAM System Architect ,India
Cybersecurity,PAM System Architect ,India
Application Security,Senior IAM Engineer,India
Application Security,Senior IAM Engineer,India
DWH Development,Senior BigQuery Engineer,Romania
DWH Development,Senior BigQuery Engineer,Romania
Python,Senior Python Developer,Romania
Python,Senior Python Developer,Romania
3D Artist,Unreal Engine Generalist,Poland
3D Artist,Unreal Engine Generalist,Poland
AI/ML,ML Engineer,Poland
AI/ML,ML Engineer,Poland
Business Analysis,Senior Requirements Engineer,Romania
Business Analysis,Senior Requirements Engineer,Romania
Automated Testing Others,Senior QA Automation Engineer,Romania
Automated Testing Others,Senior QA Automation Engineer,Romania
Automated Testing Java,Senior QA Automation Engineer,Romania
Automated Testing Java,Senior QA Automation Engineer,Romania
Java,Senior Java Developer,India
Java,Senior Java Developer,India
Scala,Senior Data Engineer,India
Scala,Senior Data Engineer,India
iOS (Objective-C/Swift),Senior iOS Developer,India
iOS (Objective-C/Swift),Senior iOS Developer,India
"Other Vendor specific (Quantum, Coremont etc.)",eTrading Developer,United Arab Emirates
"Other Vendor specific (Quantum, Coremont etc.)",eTrading Developer,United Arab Emirates
Python,Senior Azure Cloud and Full-Stack Engineer,Mexico
Python,Senior Azure Cloud and Full-Stack Engineer,Mexico
Python,Senior Azure Cloud and Full-Stack Engineer,Brazil
Python,Senior Azure Cloud and Full-Stack Engineer,Brazil
UI/UX Design,UI Designer (Intern),China
UI/UX Design,UI Designer (Intern),China
UI/UX Design,UI Designer (Intern),China
UI/UX Design,UI Designer (Intern),China
UI/UX Design,UI Designer,China
UI/UX Design,UI Designer,China
UI/UX Design,UI Designer,China
UI/UX Design,UI Designer,China
Other System Languages,Senior TypeScript CI/CD Automation Engineer,United Kingdom of Great Britain and Northern Ireland
Other System Languages,Senior TypeScript CI/CD Automation Engineer,United Kingdom of Great Britain and Northern Ireland
Financial Planning & Analysis,Senior Financial Analyst,Ukraine
Financial Planning & Analysis,Senior Financial Analyst,Ukraine
BPM Appian,Appian Developer,Ukraine
BPM Appian,Appian Developer,Ukraine
BPM Appian,Appian Developer,India
BPM Appian,Appian Developer,India
Automated Testing Python,Senior Automation QA Engineer with Python,Poland
Automated Testing Python,Senior Automation QA Engineer with Python,Poland
Automated Testing Python,Senior Automation QA Engineer with Python,Poland
Automated Testing Python,Senior Automation QA Engineer with Python,Poland
Android,Android Automotive Developer,Mexico
Android,Android Automotive Developer,Mexico
Android,Android Automotive Developer,Brazil
Android,Android Automotive Developer,Brazil
Front-end Angular,Senior Frontend Developer,Ukraine
Front-end Angular,Senior Frontend Developer,Ukraine
Java,Senior Java Developer,Ukraine
Java,Senior Java Developer,Ukraine
Technical Support (SL2),Production Application Support Consultant,Malaysia
Technical Support (SL2),Production Application Support Consultant,Malaysia
C#/VB.NET,Fullstack Engineer,Viet Nam
C#/VB.NET,Fullstack Engineer,Viet Nam
C#/VB.NET,Fullstack Engineer,Malaysia
C#/VB.NET,Fullstack Engineer,Malaysia
Test Management,Test Automation Architect,India
Test Management,Test Automation Architect,India
Test Management,Test Automation Architect,India
Test Management,Test Automation Architect,India
Test Management,Test Automation Architect,India
Test Management,Test Automation Architect,India
Test Management,Test Automation Architect,India
Test Management,Test Automation Architect,India
Delivery/Engineering Management,Delivery Director,United Kingdom of Great Britain and Northern Ireland
Delivery/Engineering Management,Delivery Director,United Kingdom of Great Britain and Northern Ireland
Delivery/Engineering Management,Delivery Director,Switzerland
Delivery/Engineering Management,Delivery Director,Switzerland
Delivery/Engineering Management,Delivery Director,France
Delivery/Engineering Management,Delivery Director,France
Java Full Stack,Senior Java Full Stack Developer with React,India
Java Full Stack,Senior Java Full Stack Developer with React,India
Java Full Stack,Senior Java Full Stack Developer with React,India
Java Full Stack,Senior Java Full Stack Developer with React,India
Android,Senior Android Developer,United Arab Emirates
Android,Senior Android Developer,United Arab Emirates
Python,Senior Python ETL Developer,Canada
Python,Senior Python ETL Developer,Canada
Python,Senior Python ETL Developer,Canada
Python,Senior Python ETL Developer,Canada
Automated Testing Python,Senior Automation Engineer,United Kingdom of Great Britain and Northern Ireland
Automated Testing Python,Senior Automation Engineer,United Kingdom of Great Britain and Northern Ireland
Temenos,Temenos Business Analyst,India
Temenos,Temenos Business Analyst,India
Temenos,Temenos Senior Developer,India
Temenos,Temenos Senior Developer,India
Temenos,Temenos Senior Developer,India
Temenos,Temenos Senior Developer,India
Murex MxML,Murex Integration SME,Poland
Murex MxML,Murex Integration SME,Poland
Murex FO,Murex Front Office Commodity BA,United Kingdom of Great Britain and Northern Ireland
Murex FO,Murex Front Office Commodity BA,United Kingdom of Great Britain and Northern Ireland
Murex FO,Murex Front Office Commodity BA,Switzerland
Murex FO,Murex Front Office Commodity BA,Switzerland
C/C++,GPU Software Engineer (Graphics / ML),Serbia
C/C++,GPU Software Engineer (Graphics / ML),Serbia
C/C++,GPU Software Engineer (Graphics / ML),Poland
C/C++,GPU Software Engineer (Graphics / ML),Poland
Technical Project Management,Senior PM,United States of America
Technical Project Management,Senior PM,United States of America
BI Engineering,Senior Data Backend Engineer (Python / Databricks / Azure),Viet Nam
BI Engineering,Senior Data Backend Engineer (Python / Databricks / Azure),Viet Nam
BI Engineering,Senior Data Backend Engineer (Python / Databricks / Azure),China
BI Engineering,Senior Data Backend Engineer (Python / Databricks / Azure),China
BI Engineering,Senior Data Backend Engineer (Python / Databricks / Azure),Malaysia
BI Engineering,Senior Data Backend Engineer (Python / Databricks / Azure),Malaysia
BI Engineering,Senior Data Backend Engineer (Python / Databricks / Azure),Malaysia
BI Engineering,Senior Data Backend Engineer (Python / Databricks / Azure),Malaysia
Functional/System Analysis,Senior Systems Engineer,Sweden
Functional/System Analysis,Senior Systems Engineer,Sweden
DevOps,Senior DevOps Engineer,Romania
DevOps,Senior DevOps Engineer,Romania
Automated Testing Python,Automation Quality Engineer,India
Automated Testing Python,Automation Quality Engineer,India
Automated Testing Python,Automation QA Engineer ,China
Automated Testing Python,Automation QA Engineer ,China
DevOps,Senior DevOps Engineer,China
DevOps,Senior DevOps Engineer,China
Java,Senior Java Developer (Azure Cloud & Search Platforms),India
Java,Senior Java Developer (Azure Cloud & Search Platforms),India
Technical Support (SL1),L1 Production Support Engineer,India
Technical Support (SL1),L1 Production Support Engineer,India
DevOps,Cloud Platform Engineer,India
DevOps,Cloud Platform Engineer,India
Automated Testing Java,Senior Quality Assurance Engineer,Malaysia
Automated Testing Java,Senior Quality Assurance Engineer,Malaysia
Automated Testing Java,Senior Quality Assurance Engineer,Serbia
Automated Testing Java,Senior Quality Assurance Engineer,Serbia
DevOps,Senior DevOps Engineer with GCP,India
DevOps,Senior DevOps Engineer with GCP,India
DevOps,Senior DevOps Engineer with GCP,India
DevOps,Senior DevOps Engineer with GCP,India
Android,Lead Android Automotive Framework Developer,Spain
Android,Lead Android Automotive Framework Developer,Spain
Android,Senior Android Developer,Sweden
Android,Senior Android Developer,Sweden
C/C++ AUTOSAR,Embedded C/C++ Software Engineer,Netherlands
C/C++ AUTOSAR,Embedded C/C++ Software Engineer,Netherlands
Go,Full Stack Developer - GO / React,Malaysia
Go,Full Stack Developer - GO / React,Malaysia
Go,Full Stack Developer - GO / React,Malaysia
Go,Full Stack Developer - GO / React,Malaysia
Software - Other,Senior KDB+ Developer,Poland
Software - Other,Senior KDB+ Developer,Poland
Software - Other,Senior KDB+ Developer,Poland
Software - Other,Senior KDB+ Developer,Poland
PMA,Junior Team Coordinator  - Infrastructure Architecture,Romania
PMA,Junior Team Coordinator  - Infrastructure Architecture,Romania
LoB Operational Partner,Business Operations Partner CES Europe,Ukraine
LoB Operational Partner,Business Operations Partner CES Europe,Ukraine
LoB Operational Partner,Business Operations Partner CES Europe,Romania
LoB Operational Partner,Business Operations Partner CES Europe,Romania
Information Governance (Application),Senior L2 Support Specialist,Romania
Information Governance (Application),Senior L2 Support Specialist,Romania
Murex ERM,Murex Market Risk Consultant,Singapore
Murex ERM,Murex Market Risk Consultant,Singapore
"Other Vendor specific (Quantum, Coremont etc.)",PCC Technology Lead,India
"Other Vendor specific (Quantum, Coremont etc.)",PCC Technology Lead,India
"Other Vendor specific (Quantum, Coremont etc.)",PCC Technology Lead,India
"Other Vendor specific (Quantum, Coremont etc.)",PCC Technology Lead,India
"Other Vendor specific (Quantum, Coremont etc.)",PCC Technology Lead,India
"Other Vendor specific (Quantum, Coremont etc.)",PCC Technology Lead,India
Murex Testing,IT PM (QA/Release),Poland
Murex Testing,IT PM (QA/Release),Poland
Murex Testing,IT PM (QA/Release),India
Murex Testing,IT PM (QA/Release),India
AI/ML,AI engineer with Agentic experience,United States of America
AI/ML,AI engineer with Agentic experience,United States of America
Solution/Integration Architecture,Solution Architect,India
Solution/Integration Architecture,Solution Architect,India
Solution/Integration Architecture,Solution Architect,India
Solution/Integration Architecture,Solution Architect,India
Solution/Integration Architecture,Solution Architect,India
Solution/Integration Architecture,Solution Architect,India
AI/ML,Senior MLOps Engineer / Data Scientist,India
AI/ML,Senior MLOps Engineer / Data Scientist,India
Software/System Architecture,Lead Engineer/Architect,Romania
Software/System Architecture,Lead Engineer/Architect,Romania
Software/System Architecture,Lead Engineer/Architect,Poland
Software/System Architecture,Lead Engineer/Architect,Poland
Technical Support (SL3),Senior L3 Production Support (Microservices),Malaysia
Technical Support (SL3),Senior L3 Production Support (Microservices),Malaysia
Java Full Stack,Senior Java Full Stack Developer with React,India
Java Full Stack,Senior Java Full Stack Developer with React,India
Java Full Stack,Senior Java Full Stack Developer with React,India
Java Full Stack,Senior Java Full Stack Developer with React,India
Python,Senior Python Developer,India
Python,Senior Python Developer,India
Python,Senior Python Developer,India
Python,Senior Python Developer,India
Software/System Architecture,Technical Project Lead/Architect,Germany
Software/System Architecture,Technical Project Lead/Architect,Germany
Software/System Architecture,Technical Project Lead/Architect,Bulgaria
Software/System Architecture,Technical Project Lead/Architect,Bulgaria
Software/System Architecture,Technical Project Lead/Architect,Germany
Software/System Architecture,Technical Project Lead/Architect,Germany
DevOps,Azure Platform Engineer,Poland
DevOps,Azure Platform Engineer,Poland
Manual Testing,Junior Connectivity Test Engineer for Automotive Project ,Romania
Manual Testing,Junior Connectivity Test Engineer for Automotive Project ,Romania
Automated Testing Python,Test Automation Engineer (In-Vehicle Infotainment),China
Automated Testing Python,Test Automation Engineer (In-Vehicle Infotainment),China
C#/VB.NET,.Net Software Developer,India
C#/VB.NET,.Net Software Developer,India
C#/VB.NET,.Net Software Developer,India
C#/VB.NET,.Net Software Developer,India
Java,Full stack Java Developer,United States of America
Java,Full stack Java Developer,United States of America
Java,Full stack Java Developer,United States of America
Java,Full stack Java Developer,United States of America
Front-end React,Senior React Developer,India
Front-end React,Senior React Developer,India
Python,Senior Python Developer,India
Python,Senior Python Developer,India
Java,"Senior Java Developer (Spark, Hadoop)",Ukraine
Java,"Senior Java Developer (Spark, Hadoop)",Ukraine
Software/System Architecture,Modernization Architect,Spain
Software/System Architecture,Modernization Architect,Spain
Software/System Architecture,Modernization Architect,Serbia
Software/System Architecture,Modernization Architect,Serbia
Solution/Integration Architecture,AI Technical Lead,United States of America
Solution/Integration Architecture,AI Technical Lead,United States of America
Murex Testing,IT PM (QA/Release),Brazil
Murex Testing,IT PM (QA/Release),Brazil
Murex Testing,IT PM (QA/Release),Mexico
Murex Testing,IT PM (QA/Release),Mexico
Domain Specific Languages,Senior AI Developer (Automators),Poland
Domain Specific Languages,Senior AI Developer (Automators),Poland
Domain Specific Languages,Senior AI Developer (Automators),Mexico
Domain Specific Languages,Senior AI Developer (Automators),Mexico
Solution/Integration Architecture,Security Architect - Advanced Threat Response,Romania
Solution/Integration Architecture,Security Architect - Advanced Threat Response,Romania
DevOps,Senior DevOps Engineer with AWS,Romania
DevOps,Senior DevOps Engineer with AWS,Romania
DevOps,Senior DevOps Engineer with AWS,Poland
DevOps,Senior DevOps Engineer with AWS,Poland
Manual Testing,Junior Test Engineer,Romania
Manual Testing,Junior Test Engineer,Romania
Other Scripting Languages,Regular RPA Developer (Blue Prism),Romania
Other Scripting Languages,Regular RPA Developer (Blue Prism),Romania
Manual Testing,Senior Manual QA Engineer,Ukraine
Manual Testing,Senior Manual QA Engineer,Ukraine
Business Analysis,"Senior Technical Analyst (MIS reporting, Banking)",Romania
Business Analysis,"Senior Technical Analyst (MIS reporting, Banking)",Romania
Cybersecurity,Cyber Hygiene Security Engineer / Developer,Romania
Cybersecurity,Cyber Hygiene Security Engineer / Developer,Romania
Data Science,AI Data Science Engineer,Romania
Data Science,AI Data Science Engineer,Romania
Solution/Integration Architecture,AI Technical Lead,United States of America
Solution/Integration Architecture,AI Technical Lead,United States of America
Murex MxML,Murex Tech Integration Analyst,Canada
Murex MxML,Murex Tech Integration Analyst,Canada
C#/VB.NET,Senior Full Stack Engineer (.NET/Angular),Serbia
C#/VB.NET,Senior Full Stack Engineer (.NET/Angular),Serbia
C#/VB.NET,.NET Engineer,India
C#/VB.NET,.NET Engineer,India
BI Engineering,MicroStrategy Developer,India
BI Engineering,MicroStrategy Developer,India
SQL (PL/SQL - Oracle),Oracle Databases Developer,India
SQL (PL/SQL - Oracle),Oracle Databases Developer,India
Requirements Engineering,System Design Engineer,Sweden
Requirements Engineering,System Design Engineer,Sweden
Automated Testing Java,QA Automation Engineer,Romania
Automated Testing Java,QA Automation Engineer,Romania
DevOps,Senior DevOps Engineer,India
DevOps,Senior DevOps Engineer,India
Java Full Stack,Senior Full-stack Developer (Java & Angular),Romania
Java Full Stack,Senior Full-stack Developer (Java & Angular),Romania
Java Full Stack,Senior Full stack Developer with AI assisted coding,India
Java Full Stack,Senior Full stack Developer with AI assisted coding,India
Java,Senior Java Developer,India
Java,Senior Java Developer,India
Pre-Sales Support,Customer Demand Specialist -  French Speaker,Romania
Pre-Sales Support,Customer Demand Specialist -  French Speaker,Romania
Pre-Sales Support,Customer Demand Specialist -  German Speaker,Romania
Pre-Sales Support,Customer Demand Specialist -  German Speaker,Romania
Front-end React,Fullstack Developer (React + Python),Romania
Front-end React,Fullstack Developer (React + Python),Romania
Front-end React,Fullstack Developer (React + Python),Poland
Front-end React,Fullstack Developer (React + Python),Poland
C/C++,C++ / Backend Engineer,Ukraine
C/C++,C++ / Backend Engineer,Ukraine
C/C++,C++ / Backend Engineer,Romania
C/C++,C++ / Backend Engineer,Romania
C/C++,C++ / Backend Engineer,Poland
C/C++,C++ / Backend Engineer,Poland
AI/ML,AI Architect,India
AI/ML,AI Architect,India
AI/ML,AI Architect,India
AI/ML,AI Architect,India
AI/ML,AI Architect,India
AI/ML,AI Architect,India
AI/ML,Semantic AI/ML Engineer,United Kingdom of Great Britain and Northern Ireland
AI/ML,Semantic AI/ML Engineer,United Kingdom of Great Britain and Northern Ireland
AI/ML,Semantic AI/ML Engineer,India
AI/ML,Semantic AI/ML Engineer,India
AI/ML,Semantic AI/ML Engineer,India
AI/ML,Semantic AI/ML Engineer,India
AI/ML,Semantic AI/ML Engineer,India
AI/ML,Semantic AI/ML Engineer,India
AI/ML,Semantic AI/ML Engineer,United Kingdom of Great Britain and Northern Ireland
AI/ML,Semantic AI/ML Engineer,United Kingdom of Great Britain and Northern Ireland
Android,Android Developer for Automotive Project,Romania
Android,Android Developer for Automotive Project,Romania
Java,Java Developer with DevOps/Infrastructure ,India
Java,Java Developer with DevOps/Infrastructure ,India
Java,Senior Full Stack Developer with DevOps ,Singapore
Java,Senior Full Stack Developer with DevOps ,Singapore
DevOps,Senior DevOps + MLOps  Engineer,India
DevOps,Senior DevOps + MLOps  Engineer,India
DevOps,Senior DevOps + MLOps  Engineer,India
DevOps,Senior DevOps + MLOps  Engineer,India
Delivery Project Management,Senior Project Manager,United States of America
Delivery Project Management,Senior Project Manager,United States of America
Automated Testing Python,Test Automation Engineer (In-Vehicle Infotainment),China
Automated Testing Python,Test Automation Engineer (In-Vehicle Infotainment),China
C#/VB.NET,Software Developer | C#/.NET + ReactJS (Full-Stack Web),Romania
C#/VB.NET,Software Developer | C#/.NET + ReactJS (Full-Stack Web),Romania
C#/VB.NET,Software Developer | C#/.NET + ReactJS (Full-Stack Web),Poland
C#/VB.NET,Software Developer | C#/.NET + ReactJS (Full-Stack Web),Poland
Automated Testing Java,Test Lead,India
Automated Testing Java,Test Lead,India
DevOps,Site Reliability Engineer,Romania
DevOps,Site Reliability Engineer,Romania
DevOps,Senior DevOps Engineer,India
DevOps,Senior DevOps Engineer,India
DevOps,Senior DevOps Engineer,India
DevOps,Senior DevOps Engineer,India
DevOps,Senior DevOps Engineer,India
DevOps,Senior DevOps Engineer,India
DevOps,Senior DevOps Engineer,India
DevOps,Senior DevOps Engineer,India
Java Full Stack,Senior Full Stack Developer (Java + React),Singapore
Java Full Stack,Senior Full Stack Developer (Java + React),Singapore
Java,Senior Java Developer ,United States of America
Java,Senior Java Developer ,United States of America
Other System Languages,Senior Salesforce Integration Developer,India
Other System Languages,Senior Salesforce Integration Developer,India
Other System Languages,Senior Salesforce Integration Developer,India
Other System Languages,Senior Salesforce Integration Developer,India
Java,Java Team Lead,Poland
Java,Java Team Lead,Poland
Java,Java Team Lead,Poland
Java,Java Team Lead,Poland
Java,Java Team Lead,Ukraine
Java,Java Team Lead,Ukraine
Java,Java Team Lead,Poland
Java,Java Team Lead,Poland
Java,Java Team Lead,Poland
Java,Java Team Lead,Poland
Business Analysis,Trading Technology Business Analyst (Low Latency Trading),Hong Kong
Business Analysis,Trading Technology Business Analyst (Low Latency Trading),Hong Kong
Other Packaged Software,Senior Power Apps Developer,India
Other Packaged Software,Senior Power Apps Developer,India
Solutions Management,Senior Capital Markets Solutions Lead,Australia
Solutions Management,Senior Capital Markets Solutions Lead,Australia
Solutions Management,Senior Capital Markets Solutions Lead,Australia
Solutions Management,Senior Capital Markets Solutions Lead,Australia
Murex ERM,Senior Murex MLC Consultant,Singapore
Murex ERM,Senior Murex MLC Consultant,Singapore
Murex MxML,Murex MxML Developer,Singapore
Murex MxML,Murex MxML Developer,Singapore
Murex ERM,Lead Murex Market Risk System Analyst,Singapore
Murex ERM,Lead Murex Market Risk System Analyst,Singapore
Technical Support (SL2),Trade Support Analyst,Hong Kong
Technical Support (SL2),Trade Support Analyst,Hong Kong
Technical Support (SL2),Microsoft Power Platform Tech Support Specialist,India
Technical Support (SL2),Microsoft Power Platform Tech Support Specialist,India
AI/ML,Semantic AI/ML Architect,India
AI/ML,Semantic AI/ML Architect,India
AI/ML,Semantic AI/ML Architect,India
AI/ML,Semantic AI/ML Architect,India
AI/ML,Semantic AI/ML Architect,India
AI/ML,Semantic AI/ML Architect,India
Cybersecurity,Information Security Specialist,Romania
Cybersecurity,Information Security Specialist,Romania
Java,Senior Java & Cloud Software Engineer,Romania
Java,Senior Java & Cloud Software Engineer,Romania
Python,Senior Python AI Developer,Romania
Python,Senior Python AI Developer,Romania
C/C++,Senior Software Engineer - Android &amp; Native C++ Integration,Poland
C/C++,Senior Software Engineer - Android &amp; Native C++ Integration,Poland
Manual Testing,Field Test Engineer,Germany
Manual Testing,Field Test Engineer,Germany
Data Reporting & Analysis,Senior Data Analyst,Malaysia
Data Reporting & Analysis,Senior Data Analyst,Malaysia
Java,Regular- Senior Java Developer,Romania
Java,Regular- Senior Java Developer,Romania
Murex Others,Murex Ops BA,United States of America
Murex Others,Murex Ops BA,United States of America
Murex Others,Murex Ops BA,Mexico
Murex Others,Murex Ops BA,Mexico
Murex Others,Murex Ops BA,Canada
Murex Others,Murex Ops BA,Canada
Murex Others,Murex Techno-Functional BA,United States of America
Murex Others,Murex Techno-Functional BA,United States of America
Murex Others,Murex Techno-Functional BA,Mexico
Murex Others,Murex Techno-Functional BA,Mexico
Murex Others,Murex Techno-Functional BA,Canada
Murex Others,Murex Techno-Functional BA,Canada
AI/ML,Data Architect,India
AI/ML,Data Architect,India
AI/ML,Data Architect,India
AI/ML,Data Architect,India
AI/ML,Data Architect,India
AI/ML,Data Architect,India
DevOps,Senior Cloud Integration Engineer,Sweden
DevOps,Senior Cloud Integration Engineer,Sweden
DevOps,Senior Cloud Integration Engineer,Anywhere
DevOps,Senior Cloud Integration Engineer,Anywhere
C/C++,Senior Software Engineer (Linux),Poland
C/C++,Senior Software Engineer (Linux),Poland
Other System Languages,Salesforce Service Cloud Developer,India
Other System Languages,Salesforce Service Cloud Developer,India
C#/VB.NET,PowerApps Regular Software Engineer,Poland
C#/VB.NET,PowerApps Regular Software Engineer,Poland
Murex Others,Murex DevOps,Mexico
Murex Others,Murex DevOps,Mexico
Murex Others,Murex Target Operating Model PMO,United States of America
Murex Others,Murex Target Operating Model PMO,United States of America
Murex Others,Murex Target Operating Model PMO,Mexico
Murex Others,Murex Target Operating Model PMO,Mexico
Murex Others,Murex Target Operating Model PMO,Canada
Murex Others,Murex Target Operating Model PMO,Canada
C Embedded,Lab Engineer ,Poland
C Embedded,Lab Engineer ,Poland
Data Architecture,Database Architect,Mexico
Data Architecture,Database Architect,Mexico
Automated Testing Python,"Software Quality Engineer,",Poland
Automated Testing Python,"Software Quality Engineer,",Poland
Business Analysis,Senior Business Analyst - Trade Surveillance,India
Business Analysis,Senior Business Analyst - Trade Surveillance,India
Business Analysis,Senior Business Analyst - Trade Surveillance,India
Business Analysis,Senior Business Analyst - Trade Surveillance,India
DevOps,Lead - DevOps Engineer - Networking,India
DevOps,Lead - DevOps Engineer - Networking,India
DevOps,Lead DevOps,United States of America
DevOps,Lead DevOps,United States of America
Axiom,Senior Axiom Developer,India
Axiom,Senior Axiom Developer,India
Axiom,Senior Axiom Developer,India
Axiom,Senior Axiom Developer,India
Axiom,Senior Axiom Developer,India
Axiom,Senior Axiom Developer,India
Axiom,Senior Axiom Developer,India
Axiom,Senior Axiom Developer,India
Axiom,Senior Axiom Developer,India
Axiom,Senior Axiom Developer,India
Axiom,Senior Axiom Developer,India
Axiom,Senior Axiom Developer,India
Murex MxML,Senior Murex MxML/Interface Developer,Singapore
Murex MxML,Senior Murex MxML/Interface Developer,Singapore
Other Scripting Languages,Senior KDB Developer,India
Other Scripting Languages,Senior KDB Developer,India
Other Scripting Languages,Senior KDB Developer,India
Other Scripting Languages,Senior KDB Developer,India
Automated Testing Python,Senior Python Tester - Banking /Capital Markets,India
Automated Testing Python,Senior Python Tester - Banking /Capital Markets,India
Python,Senior Pyspark Developer,India
Python,Senior Pyspark Developer,India
Python,Senior Pyspark Developer,India
Python,Senior Pyspark Developer,India
Manual Testing,Senior QA Engineer ,Viet Nam
Manual Testing,Senior QA Engineer ,Viet Nam
Java,Senior Java developer ,Viet Nam
Java,Senior Java developer ,Viet Nam
Java Full Stack,Senior Java Fullstack developer ,Viet Nam
Java Full Stack,Senior Java Fullstack developer ,Viet Nam
Manual Testing,Technical Support Engineer u2013 L2,Poland
Manual Testing,Technical Support Engineer u2013 L2,Poland
C Embedded,Lead Software Developer - Customer Engineering - Networking,India
C Embedded,Lead Software Developer - Customer Engineering - Networking,India
C Embedded,Senior Software Developer - Manageability &amp; Security,India
C Embedded,Senior Software Developer - Manageability &amp; Security,India
C Embedded,Lead Software Developer - Management &amp; Security,India
C Embedded,Lead Software Developer - Management &amp; Security,India
C Embedded,Software Developer -- Manageability &amp; Security,India
C Embedded,Software Developer -- Manageability &amp; Security,India
C Embedded,Senior Software Developer - L2/L3 Networking Protocols,India
C Embedded,Senior Software Developer - L2/L3 Networking Protocols,India
C Embedded,Senior Software Developer - Customer Engineering - Networking,India
C Embedded,Senior Software Developer - Customer Engineering - Networking,India
Automated Testing Others,Senior Quality Engineer - Solution Testing & Automation - Networking,India
Automated Testing Others,Senior Quality Engineer - Solution Testing & Automation - Networking,India
C Embedded,Software Developer - L2/L3 Networking Datapath,India
C Embedded,Software Developer - L2/L3 Networking Datapath,India
Automated Testing Others,Senior Quality Engineer - Functional Testing & Automation - Networking,India
Automated Testing Others,Senior Quality Engineer - Functional Testing & Automation - Networking,India
AI/ML,Semantic AI/ML Architect,United Kingdom of Great Britain and Northern Ireland
AI/ML,Semantic AI/ML Architect,United Kingdom of Great Britain and Northern Ireland
C/C++,C++ Software Engineer,Romania
C/C++,C++ Software Engineer,Romania
C/C++,C++ Software Engineer,Poland
C/C++,C++ Software Engineer,Poland
C/C++,C++ Software Engineer,Bulgaria
C/C++,C++ Software Engineer,Bulgaria
Technical Support (SL3),Production Support Engineer L3(Java) ,Malaysia
Technical Support (SL3),Production Support Engineer L3(Java) ,Malaysia
Avaloq,Tax &amp; Capital Gains Specialist (CGCalc/CGiX),India
Avaloq,Tax &amp; Capital Gains Specialist (CGCalc/CGiX),India
Manual Testing,Senior Engineering Specialist,Romania
Manual Testing,Senior Engineering Specialist,Romania
Manual Testing,Senior Engineering Specialist,Poland
Manual Testing,Senior Engineering Specialist,Poland
Java,Senior Java Developer,India
Java,Senior Java Developer,India
Front-end Angular,Senior Developer (Angular+Java),Singapore
Front-end Angular,Senior Developer (Angular+Java),Singapore
Python,Lead Pyspark Developer,India
Python,Lead Pyspark Developer,India
Python,Lead Pyspark Developer,India
Python,Lead Pyspark Developer,India
DevOps,Senior DevOps Engineer with Python,United States of America
DevOps,Senior DevOps Engineer with Python,United States of America
Java,Senior Java Developer,Poland
Java,Senior Java Developer,Poland
Business Analysis,Senior Business Analyst,India
Business Analysis,Senior Business Analyst,India
Business Analysis,Senior Business Analyst,India
Business Analysis,Senior Business Analyst,India
Python,Senior Python Developer,India
Python,Senior Python Developer,India
Python,Senior Python Developer,India
Python,Senior Python Developer,India
Python,Senior Python Developer,India
Python,Senior Python Developer,India
Axiom,Axiom Developer,Australia
Axiom,Axiom Developer,Australia
Murex Others,Murex Architecture & Integration Manager,United States of America
Murex Others,Murex Architecture & Integration Manager,United States of America
Murex Others,Murex Architecture & Integration Manager,Mexico
Murex Others,Murex Architecture & Integration Manager,Mexico
Murex Others,Murex Architecture & Integration Manager,Canada
Murex Others,Murex Architecture & Integration Manager,Canada
Murex Others,Murex Configuration and Release Manager,United States of America
Murex Others,Murex Configuration and Release Manager,United States of America
Murex Others,Murex Configuration and Release Manager,Mexico
Murex Others,Murex Configuration and Release Manager,Mexico
Murex Others,Murex Configuration and Release Manager,Canada
Murex Others,Murex Configuration and Release Manager,Canada
Murex Others,Murex Operating Model Lead,United States of America
Murex Others,Murex Operating Model Lead,United States of America
Scala,Market Risk Scala Developer,Poland
Scala,Market Risk Scala Developer,Poland
Scala,Market Risk Scala Developer,Anywhere
Scala,Market Risk Scala Developer,Anywhere
Front-end Angular,Senior Front End Developer (Angular),Romania
Front-end Angular,Senior Front End Developer (Angular),Romania
C#/VB.NET,Principal Full-Stack Architect (.NET & Cloud),United Arab Emirates
C#/VB.NET,Principal Full-Stack Architect (.NET & Cloud),United Arab Emirates
Business Analysis,Senior Business Analyst,Canada
Business Analysis,Senior Business Analyst,Canada
Java Full Stack,Senior Full Stack Developer,Canada
Java Full Stack,Senior Full Stack Developer,Canada
Business Analysis,BA/PM in Post Trade Space,Canada
Business Analysis,BA/PM in Post Trade Space,Canada
Automated Testing Python,Senior QA Automation Engineer,Canada
Automated Testing Python,Senior QA Automation Engineer,Canada
Manual Testing,In-Vehicle Test Engineer,Germany
Manual Testing,In-Vehicle Test Engineer,Germany
Manual Testing,In-Vehicle Test Engineer,Germany
Manual Testing,In-Vehicle Test Engineer,Germany
Avaloq,Tax &amp; Capital Gains Specialist (CGCalc / CGiX),United Kingdom of Great Britain and Northern Ireland
Avaloq,Tax &amp; Capital Gains Specialist (CGCalc / CGiX),United Kingdom of Great Britain and Northern Ireland
Avaloq,Tax &amp; Capital Gains Specialist (CGCalc / CGiX),Switzerland
Avaloq,Tax &amp; Capital Gains Specialist (CGCalc / CGiX),Switzerland
Java,Senior Java Backend Engineer (Contact Center),Romania
Java,Senior Java Backend Engineer (Contact Center),Romania
Front-end React,Senior Application Support Engineer (React),Malaysia
Front-end React,Senior Application Support Engineer (React),Malaysia
Calypso,Calypso Business Analyst,United States of America
Calypso,Calypso Business Analyst,United States of America
Java,Senior Software Engineer,United States of America
Java,Senior Software Engineer,United States of America
Business Analysis,Senior Business Analyst - Digital Banking,India
Business Analysis,Senior Business Analyst - Digital Banking,India
Software/System Architecture,Technical Architect & Engineering Lead,United Arab Emirates
Software/System Architecture,Technical Architect & Engineering Lead,United Arab Emirates
Java,Software Developer (Java and C++),Poland
Java,Software Developer (Java and C++),Poland
Java,Software Developer (Java and C++),Anywhere
Java,Software Developer (Java and C++),Anywhere
Python,Senior Data Engineer / Analyst,Romania
Python,Senior Data Engineer / Analyst,Romania
BigData Development,Senior Data Engineer,Poland
BigData Development,Senior Data Engineer,Poland
AI/ML,Semantic AI/ML Architect,United Kingdom of Great Britain and Northern Ireland
AI/ML,Semantic AI/ML Architect,United Kingdom of Great Britain and Northern Ireland
Manual Testing, Test Specifications Engineer,Romania
Manual Testing, Test Specifications Engineer,Romania
Other Consulting,Finance/Financial Crime Tech SME,India
Other Consulting,Finance/Financial Crime Tech SME,India
Other Consulting,Finance/Financial Crime Tech SME,India
Other Consulting,Finance/Financial Crime Tech SME,India
Automated Testing Python,Connectivity Test Engineer,Sweden
Automated Testing Python,Connectivity Test Engineer,Sweden
C/C++,ADAS Software Developer,Sweden
C/C++,ADAS Software Developer,Sweden
Requirements Engineering,System & Feature Engineer ADAS,Sweden
Requirements Engineering,System & Feature Engineer ADAS,Sweden
Product Owner,Tech Lead Engineer - Connectivity / Infotainment,Sweden
Product Owner,Tech Lead Engineer - Connectivity / Infotainment,Sweden
DevOps,Configuration Management Engineer,Sweden
DevOps,Configuration Management Engineer,Sweden
C/C++,Regular Software Developer,Sweden
C/C++,Regular Software Developer,Sweden
MATLAB/Simulink,Hardware-in-the-Loop Developer,Sweden
MATLAB/Simulink,Hardware-in-the-Loop Developer,Sweden
Technical Project Management,SW Project Manager,Sweden
Technical Project Management,SW Project Manager,Sweden
Automated Testing Python,QA Automation Python,Sweden
Automated Testing Python,QA Automation Python,Sweden
Python,Data Pipeline Development Engineer,Sweden
Python,Data Pipeline Development Engineer,Sweden
Cybersecurity,Automotive Cybersecurity SW Development Engineer,Sweden
Cybersecurity,Automotive Cybersecurity SW Development Engineer,Sweden
C/C++ AUTOSAR,Embedded AUTOSAR Developer,Sweden
C/C++ AUTOSAR,Embedded AUTOSAR Developer,Sweden
Automated Testing Python,Regular QA Automation - Infotainment,Sweden
Automated Testing Python,Regular QA Automation - Infotainment,Sweden
Mechatronics Technician,Maintenance Test Engineer and Fault expert,Sweden
Mechatronics Technician,Maintenance Test Engineer and Fault expert,Sweden
DevOps,"Regular CI CD Operations, scripting",Sweden
DevOps,"Regular CI CD Operations, scripting",Sweden
Android,Regular/Senior Android Applications Developer,Sweden
Android,Regular/Senior Android Applications Developer,Sweden
DevOps,Senior DevOps CI Infrastructure,Sweden
DevOps,Senior DevOps CI Infrastructure,Sweden
C/C++,Embedded Software Engineer,Sweden
C/C++,Embedded Software Engineer,Sweden
Business Analysis,Security Technical Business Analyst,India
Business Analysis,Security Technical Business Analyst,India
C/C++,Senior C++ Engineer ,Netherlands
C/C++,Senior C++ Engineer ,Netherlands
Business Analysis,Business Analyst - Asset Management,Singapore
Business Analysis,Business Analyst - Asset Management,Singapore
AI/ML,Data Architect,United Kingdom of Great Britain and Northern Ireland
AI/ML,Data Architect,United Kingdom of Great Britain and Northern Ireland
IT Infrastructure Engineering,SQL DBA Engineer,India
IT Infrastructure Engineering,SQL DBA Engineer,India
Java,Senior Java/Python Backend Developer,Poland
Java,Senior Java/Python Backend Developer,Poland
DevOps,CI/CD Specialist,Mexico
DevOps,CI/CD Specialist,Mexico
Hogan,Senior Hogan IDS Developer,United States of America
Hogan,Senior Hogan IDS Developer,United States of America
Hogan,Senior Hogan IDS Developer,United Kingdom of Great Britain and Northern Ireland
Hogan,Senior Hogan IDS Developer,United Kingdom of Great Britain and Northern Ireland
Java,Senior Java Backend Developer,Poland
Java,Senior Java Backend Developer,Poland
C/C++,Software Developer 2d/3d - Senior,India
C/C++,Software Developer 2d/3d - Senior,India
C/C++,Software Developer 2d/3d - Senior,India
C/C++,Software Developer 2d/3d - Senior,India
C/C++,Software Developer 2d/3d - Senior,India
C/C++,Software Developer 2d/3d - Senior,India
DevOps,Cloud Platform Engineer (Agentic AI),India
DevOps,Cloud Platform Engineer (Agentic AI),India
Data Architecture,Data Warehouse SME,Poland
Data Architecture,Data Warehouse SME,Poland
Murex FO,Murex Trading FO,Canada
Murex FO,Murex Trading FO,Canada
Murex FO,Murex Trading FO,Brazil
Murex FO,Murex Trading FO,Brazil
Murex FO,Murex Trading FO,Mexico
Murex FO,Murex Trading FO,Mexico
Temenos,Senior Automation Tester (T24 Securities module),India
Temenos,Senior Automation Tester (T24 Securities module),India
Temenos,Temenos Senior Tester,India
Temenos,Temenos Senior Tester,India
Murex ERM,Murex Market Risk Developer,Malaysia
Murex ERM,Murex Market Risk Developer,Malaysia
DevOps,Lead DevOps,Ukraine
DevOps,Lead DevOps,Ukraine
DevOps,Lead DevOps,Spain
DevOps,Lead DevOps,Spain
DevOps,Lead DevOps,Serbia
DevOps,Lead DevOps,Serbia
DevOps,Lead DevOps,Argentina
DevOps,Lead DevOps,Argentina
Technical Project Management,Project Manager - Treasury,India
Technical Project Management,Project Manager - Treasury,India
Technical Project Management,Project Manager - Treasury,India
Technical Project Management,Project Manager - Treasury,India
Murex MxML,Murex MxML Developer,India
Murex MxML,Murex MxML Developer,India
Automated Testing Python,Connectivity Test Engineer,Sweden
Automated Testing Python,Connectivity Test Engineer,Sweden
Automated Testing Python,Connectivity Test Engineer,Poland
Automated Testing Python,Connectivity Test Engineer,Poland
Automated Testing Python,Connectivity Test Engineer,Romania
Automated Testing Python,Connectivity Test Engineer,Romania
"Other Vendor specific (Quantum, Coremont etc.)",Treasury Back Office Tester,India
"Other Vendor specific (Quantum, Coremont etc.)",Treasury Back Office Tester,India
"Other Vendor specific (Quantum, Coremont etc.)",Treasury Back Office Tester,India
"Other Vendor specific (Quantum, Coremont etc.)",Treasury Back Office Tester,India
"Other Vendor specific (Quantum, Coremont etc.)",Treasury Back Office Tester,India
"Other Vendor specific (Quantum, Coremont etc.)",Treasury Back Office Tester,India
"Other Vendor specific (Quantum, Coremont etc.)",Treasury Back Office Tester,India
"Other Vendor specific (Quantum, Coremont etc.)",Treasury Back Office Tester,India
Software/System Architecture,Engineering Lead,Spain
Software/System Architecture,Engineering Lead,Spain
Software/System Architecture,Engineering Lead,Serbia
Software/System Architecture,Engineering Lead,Serbia
DWH Development,Senior Snowflake Data Engineer,Poland
DWH Development,Senior Snowflake Data Engineer,Poland
DWH Development,Senior Snowflake Data Engineer,Poland
DWH Development,Senior Snowflake Data Engineer,Poland
DWH Development,Senior Snowflake Data Engineer,Bulgaria
DWH Development,Senior Snowflake Data Engineer,Bulgaria
DWH Development,Senior Snowflake Data Engineer,Ukraine
DWH Development,Senior Snowflake Data Engineer,Ukraine
DWH Development,Senior Snowflake Data Engineer,Poland
DWH Development,Senior Snowflake Data Engineer,Poland
DWH Development,Senior Snowflake Data Engineer,Poland
DWH Development,Senior Snowflake Data Engineer,Poland
Java,Senior Java Backend Developer - Microservices,India
Java,Senior Java Backend Developer - Microservices,India
Java Full Stack,Java FullStack Developer (React),India
Java Full Stack,Java FullStack Developer (React),India
Java Full Stack,Senior Java FullStack Developer with React & Kafka,India
Java Full Stack,Senior Java FullStack Developer with React & Kafka,India
Murex Others,Junior Murex Specialist,Mexico
Murex Others,Junior Murex Specialist,Mexico
DevOps,Cloud Architect,India
DevOps,Cloud Architect,India
DevOps,Cloud Architect,India
DevOps,Cloud Architect,India
DevOps,Cloud Architect,India
DevOps,Cloud Architect,India
DevOps,Cloud Architect,India
DevOps,Cloud Architect,India
DevOps,Cloud Architect,India
DevOps,Cloud Architect,India
DevOps,Cloud Architect,India
DevOps,Cloud Architect,India
DevOps,Cloud Architect,India
DevOps,Cloud Architect,India
DevOps,Cloud Architect,India
DevOps,Cloud Architect,India
DevOps,Senior Cloud Ops Engineer,India
DevOps,Senior Cloud Ops Engineer,India
DevOps,Senior Cloud Ops Engineer,India
DevOps,Senior Cloud Ops Engineer,India
DevOps,Senior Cloud Ops Engineer,India
DevOps,Senior Cloud Ops Engineer,India
DevOps,Senior Cloud Ops Engineer,India
DevOps,Senior Cloud Ops Engineer,India
DevOps,Senior Cloud Ops Engineer,India
DevOps,Senior Cloud Ops Engineer,India
DevOps,Senior Cloud Ops Engineer,India
DevOps,Senior Cloud Ops Engineer,India
DevOps,Senior Cloud Ops Engineer,India
DevOps,Senior Cloud Ops Engineer,India
DevOps,Senior Cloud Ops Engineer,India
DevOps,Senior Cloud Ops Engineer,India
Help Desk Support, IT Systems Management Analyst,United States of America
Help Desk Support, IT Systems Management Analyst,United States of America
Data Architecture,Database Architect,Brazil
Data Architecture,Database Architect,Brazil
IT Infrastructure Engineering,Senior Infrastructure Developer/Engineer,Malaysia
IT Infrastructure Engineering,Senior Infrastructure Developer/Engineer,Malaysia
Loan IQ,Senior LoanIQ Technical Business Analyst,India
Loan IQ,Senior LoanIQ Technical Business Analyst,India
Loan IQ,LoanIQ Technical Business Analyst,India
Loan IQ,LoanIQ Technical Business Analyst,India
Manual Testing,Penetration Tester,Romania
Manual Testing,Penetration Tester,Romania
Axiom,Senior Axiom Developer,India
Axiom,Senior Axiom Developer,India
Axiom,Senior Axiom Developer,India
Axiom,Senior Axiom Developer,India
Axiom,Senior Axiom Developer,India
Axiom,Senior Axiom Developer,India
Axiom,Senior Axiom Developer,India
Axiom,Senior Axiom Developer,India
Axiom,Senior Axiom Developer,India
Axiom,Senior Axiom Developer,India
Business Analysis,Senior LoanIQ Technical BA,United Kingdom of Great Britain and Northern Ireland
Business Analysis,Senior LoanIQ Technical BA,United Kingdom of Great Britain and Northern Ireland
Technical Project Management,Senior PM with Loan IQ,United Kingdom of Great Britain and Northern Ireland
Technical Project Management,Senior PM with Loan IQ,United Kingdom of Great Britain and Northern Ireland
Automated Testing Java,Senior Test Engineer,United States of America
Automated Testing Java,Senior Test Engineer,United States of America
Loan IQ,DevOps Engineer with LoanIQ,India
Loan IQ,DevOps Engineer with LoanIQ,India
Java Full Stack,Java FullStack Developer,India
Java Full Stack,Java FullStack Developer,India
Java Full Stack,Senior Java FullStack Developer ,India
Java Full Stack,Senior Java FullStack Developer ,India
Java Full Stack,Senior Java FullStack Developer,India
Java Full Stack,Senior Java FullStack Developer,India
Java Full Stack,Java FullStack Developer (React),India
Java Full Stack,Java FullStack Developer (React),India
Database Administration,Senior Database Engineer (Sybase),India
Database Administration,Senior Database Engineer (Sybase),India
DevOps,Senior DevOps Engineer,India
DevOps,Senior DevOps Engineer,India
Database Administration,Senior Database Engineer (Azure SQL),India
Database Administration,Senior Database Engineer (Azure SQL),India
Product Owner,Product Owner,India
Product Owner,Product Owner,India
Automated Testing Java,QA Test Engineer ,India
Automated Testing Java,QA Test Engineer ,India
Automated Testing Java,QA Test Engineer,India
Automated Testing Java,QA Test Engineer,India
Automated Testing Java,Senior Test Engineer ,India
Automated Testing Java,Senior Test Engineer ,India
"Other Vendor specific (Quantum, Coremont etc.)",Senior Business Analyst - Front Office ,Singapore
"Other Vendor specific (Quantum, Coremont etc.)",Senior Business Analyst - Front Office ,Singapore
AI/ML,AI engineer with Agentic experience,United States of America
AI/ML,AI engineer with Agentic experience,United States of America
Analytics Solution Architecture,Engineering Solution Architect,United Kingdom of Great Britain and Northern Ireland
Analytics Solution Architecture,Engineering Solution Architect,United Kingdom of Great Britain and Northern Ireland
Avaloq,Tax &amp; Capital Gains Specialist (CGCalc/CGiX),India
Avaloq,Tax &amp; Capital Gains Specialist (CGCalc/CGiX),India
Avaloq,Tax &amp; Capital Gains Specialist (CGCalc / CGiX),United Kingdom of Great Britain and Northern Ireland
Avaloq,Tax &amp; Capital Gains Specialist (CGCalc / CGiX),United Kingdom of Great Britain and Northern Ireland
DevOps,Senior DevOps Engineer,Romania
DevOps,Senior DevOps Engineer,Romania
Murex ECM,Murex Production Support Consultant (Front Office),United Kingdom of Great Britain and Northern Ireland
Murex ECM,Murex Production Support Consultant (Front Office),United Kingdom of Great Britain and Northern Ireland
Software - Other,Senior Network Engineer ,India
Software - Other,Senior Network Engineer ,India
Automated Testing Python,QA Engineer - Data Automation (Python & Playwright),India
Automated Testing Python,QA Engineer - Data Automation (Python & Playwright),India
Automated Testing Python,QA Engineer - Data Automation (Python & Playwright),India
Automated Testing Python,QA Engineer - Data Automation (Python & Playwright),India
Automated Testing Python,QA Engineer - Data Automation (Python & Playwright),India
Automated Testing Python,QA Engineer - Data Automation (Python & Playwright),India
Murex MxML,Murex MxML Integration Stream Lead,India
Murex MxML,Murex MxML Integration Stream Lead,India
DevOps,UI DevOps Engineer,Mexico
DevOps,UI DevOps Engineer,Mexico
Hogan,Hogan Solution Architect,Mexico
Hogan,Hogan Solution Architect,Mexico
Cybersecurity,Purple Team Specialist,Romania
Cybersecurity,Purple Team Specialist,Romania
Facilities Operations,Office Manager,Germany
Facilities Operations,Office Manager,Germany
Facilities Operations,Office Manager,Germany
Facilities Operations,Office Manager,Germany
C#/VB.NET,Senior/Lead Full-Stack Developer (.Net+Angular),Brazil
C#/VB.NET,Senior/Lead Full-Stack Developer (.Net+Angular),Brazil
Manual Testing,Test Engineer in Geology Domain,Ukraine
Manual Testing,Test Engineer in Geology Domain,Ukraine
Axiom,Axiom Business Analyst,Anywhere
Axiom,Axiom Business Analyst,Anywhere
Technical Support (SL2),Production Support Engineer,Malaysia
Technical Support (SL2),Production Support Engineer,Malaysia
"Other Vendor specific (Quantum, Coremont etc.)",SmartStream TLM Consultant,Singapore
"Other Vendor specific (Quantum, Coremont etc.)",SmartStream TLM Consultant,Singapore
Business Analysis,OTC Derivatives Business Analyst,India
Business Analysis,OTC Derivatives Business Analyst,India
Other System Languages,Test Engineer (Mainframe),Poland
Other System Languages,Test Engineer (Mainframe),Poland
Other Scripting Languages,Senior Flutter Developer,Poland
Other Scripting Languages,Senior Flutter Developer,Poland
Murex MxML,Murex MxML Developer,India
Murex MxML,Murex MxML Developer,India
Android,Senior Android Developer,India
Android,Senior Android Developer,India
Android,Senior Android Developer,Egypt
Android,Senior Android Developer,Egypt
Android,Senior Android Developer,India
Android,Senior Android Developer,India
Murex BO,Murex Back Office Support Consultant,India
Murex BO,Murex Back Office Support Consultant,India
Front-end React,Senior Frontend React Developer ,Ukraine
Front-end React,Senior Frontend React Developer ,Ukraine
Data Science,Hadoop Engineer,Malaysia
Data Science,Hadoop Engineer,Malaysia
Other System Languages,Test Engineer (Mainframe),Bulgaria
Other System Languages,Test Engineer (Mainframe),Bulgaria
Software/System Architecture,Technical Delivery Expert,Egypt
Software/System Architecture,Technical Delivery Expert,Egypt
Murex FO,Murex FX Front-Office Support Consultant,United States of America
Murex FO,Murex FX Front-Office Support Consultant,United States of America
Murex FO,Murex FX Front-Office Support Consultant,United States of America
Murex FO,Murex FX Front-Office Support Consultant,United States of America
Business Analysis,Technical Business Analyst,Canada
Business Analysis,Technical Business Analyst,Canada
Java,Senior Java Developer (with AWS skills),Canada
Java,Senior Java Developer (with AWS skills),Canada
Front-end React,Senior Frontend React Developer ,India
Front-end React,Senior Frontend React Developer ,India
Business Analysis,Senior Business Analyst,Germany
Business Analysis,Senior Business Analyst,Germany
Delivery Project Management,Delivery Project Lead,Germany
Delivery Project Management,Delivery Project Lead,Germany
Murex FO,FO Migration Functional BA,Saudi Arabia
Murex FO,FO Migration Functional BA,Saudi Arabia
Automated Testing Java,Senior/Lead Java Automation Engineer,India
Automated Testing Java,Senior/Lead Java Automation Engineer,India
C Embedded,Senior Embedded Software Engineer (Automotive Security),United States of America
C Embedded,Senior Embedded Software Engineer (Automotive Security),United States of America
Release Management,Release/ Deployment Engineer,Malaysia
Release Management,Release/ Deployment Engineer,Malaysia
DevOps,Site Reliability Engineer Senior,Romania
DevOps,Site Reliability Engineer Senior,Romania
Python,Senior AI Engineer,United States of America
Python,Senior AI Engineer,United States of America
Murex ERM,Lead Murex Risk System Analyst,Malaysia
Murex ERM,Lead Murex Risk System Analyst,Malaysia
C Embedded,Senior Embedded Software Engineer,Viet Nam
C Embedded,Senior Embedded Software Engineer,Viet Nam
Java,Senior Java Developer,Romania
Java,Senior Java Developer,Romania
Technical Support (SL3),Developer/L3 Support - AS400,Malaysia
Technical Support (SL3),Developer/L3 Support - AS400,Malaysia
Java,Senior BigData Developer,Ukraine
Java,Senior BigData Developer,Ukraine
Technical Project Management,Validation Technical Project Manager,Czechia
Technical Project Management,Validation Technical Project Manager,Czechia
Temenos,Temenos TAP (Triple 'A' Plus) Developer,India
Temenos,Temenos TAP (Triple 'A' Plus) Developer,India
Python,Senior Python Developer,Romania
Python,Senior Python Developer,Romania
C#/VB.NET,Software Developer/L3 Support,Malaysia
C#/VB.NET,Software Developer/L3 Support,Malaysia
DevOps,Senior AWS DevOps / Cloud Infrastructure Engineer,Ukraine
DevOps,Senior AWS DevOps / Cloud Infrastructure Engineer,Ukraine
Scrum Master,Senior Scrum Master,Romania
Scrum Master,Senior Scrum Master,Romania
Other Scripting Languages,ServiceNow RPA Developer,India
Other Scripting Languages,ServiceNow RPA Developer,India
Loan IQ,Loan IQ Product Owner,United Kingdom of Great Britain and Northern Ireland
Loan IQ,Loan IQ Product Owner,United Kingdom of Great Britain and Northern Ireland
Java Full Stack,Lead Java BackEnd engineer,Poland
Java Full Stack,Lead Java BackEnd engineer,Poland
Java Full Stack,Lead Java BackEnd engineer,Poland
Java Full Stack,Lead Java BackEnd engineer,Poland
Java Full Stack,Lead Java BackEnd engineer,Poland
Java Full Stack,Lead Java BackEnd engineer,Poland
Java Full Stack,Lead Java BackEnd engineer,Poland
Java Full Stack,Lead Java BackEnd engineer,Poland
Java Full Stack,Lead Java BackEnd engineer,Romania
Java Full Stack,Lead Java BackEnd engineer,Romania
Automated Testing Java,Senior/Lead Java Automation Engineer,India
Automated Testing Java,Senior/Lead Java Automation Engineer,India
Automated Testing Java,Senior/Lead Java Automation Engineer,India
Automated Testing Java,Senior/Lead Java Automation Engineer,India
Delivery Project Management,Project Manager,Singapore
Delivery Project Management,Project Manager,Singapore
Other Packaged Software,Software Developer - AS400,Malaysia
Other Packaged Software,Software Developer - AS400,Malaysia
Automated Testing Python,Lead QA Automation Engineer,Poland
Automated Testing Python,Lead QA Automation Engineer,Poland
Automated Testing Python,Lead QA Automation Engineer,Poland
Automated Testing Python,Lead QA Automation Engineer,Poland
Functional Safety,Safety Functional Expert,Poland
Functional Safety,Safety Functional Expert,Poland
Other Consulting,Cyber Security SME,India
Other Consulting,Cyber Security SME,India
Murex ERM,Senior Murex Risk Developer,Malaysia
Murex ERM,Senior Murex Risk Developer,Malaysia
Manual Testing,Manual Testing Consultant - Capital Markets,India
Manual Testing,Manual Testing Consultant - Capital Markets,India
Murex FO,Murex Front Office System Analyst,Singapore
Murex FO,Murex Front Office System Analyst,Singapore
Murex Datamart,Senior Murex Developer - Datamart,Malaysia
Murex Datamart,Senior Murex Developer - Datamart,Malaysia
Murex FO,Murex FO - L2 Support Consultant,India
Murex FO,Murex FO - L2 Support Consultant,India
Automated Testing Java,Senior/Lead Java Automation Engineer,India
Automated Testing Java,Senior/Lead Java Automation Engineer,India
Java Full Stack,Full Stack Developer,Canada
Java Full Stack,Full Stack Developer,Canada
"Other Vendor specific (Quantum, Coremont etc.)",Engineer Manager - Capital Markets Trading Platform,India
"Other Vendor specific (Quantum, Coremont etc.)",Engineer Manager - Capital Markets Trading Platform,India
C#/VB.NET,C#/.Net Developer,Malaysia
C#/VB.NET,C#/.Net Developer,Malaysia
Solution/Integration Architecture,Solution Architect,India
Solution/Integration Architecture,Solution Architect,India
Cybersecurity,Cyber BA,United Kingdom of Great Britain and Northern Ireland
Cybersecurity,Cyber BA,United Kingdom of Great Britain and Northern Ireland
Automated Testing Java,Senior QA Automation,India
Automated Testing Java,Senior QA Automation,India
Axiom,Axiom Developer,India
Axiom,Axiom Developer,India
Java,"Senior Backend Engineer (Java, Spring Boot, AWS)",India
Java,"Senior Backend Engineer (Java, Spring Boot, AWS)",India
Java,"Senior Backend Engineer (Java, Spring Boot, AWS)",India
Java,"Senior Backend Engineer (Java, Spring Boot, AWS)",India
Java,"Senior Backend Engineer (Java, Spring Boot, AWS)",India
Java,"Senior Backend Engineer (Java, Spring Boot, AWS)",India
Java,"Senior Backend Engineer (Java, Spring Boot, AWS)",India
Java,"Senior Backend Engineer (Java, Spring Boot, AWS)",India
Android,Senior Mobile Engineer - Android,Malaysia
Android,Senior Mobile Engineer - Android,Malaysia
iOS (Objective-C/Swift),Senior Mobile Engineer - iOS Swift,Malaysia
iOS (Objective-C/Swift),Senior Mobile Engineer - iOS Swift,Malaysia
Front-end React,Senior Web Developer - ReactJS,Malaysia
Front-end React,Senior Web Developer - ReactJS,Malaysia
Murex MxML,Senior Murex Developer - MxML & Integration,India
Murex MxML,Senior Murex Developer - MxML & Integration,India
Murex MxML,Senior Murex Developer - MxML & Integration,India
Murex MxML,Senior Murex Developer - MxML & Integration,India
C/C++,Vision Systems Architect,Turkiye
C/C++,Vision Systems Architect,Turkiye
C/C++,Vision Systems Architect,Serbia
C/C++,Vision Systems Architect,Serbia
C/C++,Vision Systems Architect,Romania
C/C++,Vision Systems Architect,Romania
C/C++,Vision Systems Architect,Poland
C/C++,Vision Systems Architect,Poland
C/C++,Vision Systems Architect,India
C/C++,Vision Systems Architect,India
C/C++,Vision Systems Architect,Egypt
C/C++,Vision Systems Architect,Egypt
C/C++,Vision Systems Architect,Bulgaria
C/C++,Vision Systems Architect,Bulgaria
C/C++,Senior Vision Systems Engineer,Turkiye
C/C++,Senior Vision Systems Engineer,Turkiye
C/C++,Senior Vision Systems Engineer,Serbia
C/C++,Senior Vision Systems Engineer,Serbia
C/C++,Senior Vision Systems Engineer,Poland
C/C++,Senior Vision Systems Engineer,Poland
C/C++,Senior Vision Systems Engineer,Egypt
C/C++,Senior Vision Systems Engineer,Egypt
C/C++,Senior Vision Systems Engineer,Bulgaria
C/C++,Senior Vision Systems Engineer,Bulgaria
C/C++,Senior Vision Systems Engineer,Romania
C/C++,Senior Vision Systems Engineer,Romania
C/C++,Senior Vision Systems Engineer,India
C/C++,Senior Vision Systems Engineer,India
Murex ERM,Lead Murex Credit Risk System Analyst,Singapore
Murex ERM,Lead Murex Credit Risk System Analyst,Singapore
Technical Support (SL2),"DataOps Consultant, Lakehouse Support",United Arab Emirates
Technical Support (SL2),"DataOps Consultant, Lakehouse Support",United Arab Emirates
Software/System Architecture,Blockchain Architect,United Kingdom of Great Britain and Northern Ireland
Software/System Architecture,Blockchain Architect,United Kingdom of Great Britain and Northern Ireland
Software/System Architecture,Senior Software Architect,India
Software/System Architecture,Senior Software Architect,India
iOS (Objective-C/Swift),Senior iOS Developer,Egypt
iOS (Objective-C/Swift),Senior iOS Developer,Egypt
Integration Engineering,EHR Ancillary System Analyst,India
Integration Engineering,EHR Ancillary System Analyst,India
Integration Engineering,EHR Ancillary System Analyst,India
Integration Engineering,EHR Ancillary System Analyst,India
Integration Engineering,EHR Ancillary System Analyst,India
Integration Engineering,EHR Ancillary System Analyst,India
Integration Engineering,EHR Ancillary System Analyst,India
Integration Engineering,EHR Ancillary System Analyst,India
Integration Engineering,EHR Ancillary System Analyst,India
Integration Engineering,EHR Ancillary System Analyst,India
Integration Engineering,EHR Ancillary System Analyst,India
Integration Engineering,EHR Ancillary System Analyst,India
Integration Engineering,EHR Ancillary System Analyst,India
Integration Engineering,EHR Ancillary System Analyst,India
Integration Engineering,EHR Ancillary System Analyst,India
Integration Engineering,EHR Ancillary System Analyst,India
Axiom,Axiom Business Analyst,India
Axiom,Axiom Business Analyst,India
Java,SeniorRegular GIS Java Developer,Poland
Java,SeniorRegular GIS Java Developer,Poland
Java,SeniorRegular GIS Java Developer,Bulgaria
Java,SeniorRegular GIS Java Developer,Bulgaria
Integration Engineering,EHR Ancillary System Analyst,India
Integration Engineering,EHR Ancillary System Analyst,India
Python,Regular/Senior Python Developer,India
Python,Regular/Senior Python Developer,India
Python,Regular/Senior Python Developer,India
Python,Regular/Senior Python Developer,India
Python,Regular/Senior Python Developer,India
Python,Regular/Senior Python Developer,India
Business Analysis,Workday Time Tracking Consultant (Kronos/UKG) ,India
Business Analysis,Workday Time Tracking Consultant (Kronos/UKG) ,India
Business Analysis,Workday Time Tracking Consultant (Kronos/UKG) ,India
Business Analysis,Workday Time Tracking Consultant (Kronos/UKG) ,India
Business Analysis,Workday Time Tracking Consultant (Kronos/UKG) ,India
Business Analysis,Workday Time Tracking Consultant (Kronos/UKG) ,India
Business Analysis,Workday Time Tracking Consultant (Kronos/UKG) ,India
Business Analysis,Workday Time Tracking Consultant (Kronos/UKG) ,India
Business Analysis,Workday Time Tracking Consultant (Kronos/UKG) ,India
Business Analysis,Workday Time Tracking Consultant (Kronos/UKG) ,India
Business Analysis,Workday Time Tracking Consultant (Kronos/UKG) ,India
Business Analysis,Workday Time Tracking Consultant (Kronos/UKG) ,India
Business Analysis,Workday Time Tracking Consultant (Kronos/UKG) ,India
Business Analysis,Workday Time Tracking Consultant (Kronos/UKG) ,India
Business Analysis,Workday Time Tracking Consultant (Kronos/UKG) ,India
Business Analysis,Workday Time Tracking Consultant (Kronos/UKG) ,India
SAP,SAP Basis Expert,Mexico
SAP,SAP Basis Expert,Mexico
Java,Senior Java Developer,Canada
Java,Senior Java Developer,Canada
DevOps,Lead DevOps Engineer,Romania
DevOps,Lead DevOps Engineer,Romania
"Other Vendor specific (Quantum, Coremont etc.)",Treasury Front Office BA,United Arab Emirates
"Other Vendor specific (Quantum, Coremont etc.)",Treasury Front Office BA,United Arab Emirates
BPM Others,Senior Flowable Developer,Poland
BPM Others,Senior Flowable Developer,Poland
BPM Others,Flowable Developer,India
BPM Others,Flowable Developer,India
BPM Others,Flowable Developer,India
BPM Others,Flowable Developer,India
Delivery Project Management,Technical Delivery Manager (with strong Python),India
Delivery Project Management,Technical Delivery Manager (with strong Python),India
Mechatronics Technician,Regular System Technician (Vision),United States of America
Mechatronics Technician,Regular System Technician (Vision),United States of America
iOS (Objective-C/Swift),Senior iOS Developer,India
iOS (Objective-C/Swift),Senior iOS Developer,India
UI/UX Design,UI/UX and Saleforce Consultant,India
UI/UX Design,UI/UX and Saleforce Consultant,India
UI/UX Design,UI/UX and Saleforce Consultant,India
UI/UX Design,UI/UX and Saleforce Consultant,India
UI/UX Design,UI/UX and Saleforce Consultant,India
UI/UX Design,UI/UX and Saleforce Consultant,India
Murex MxML,Murex Integration Lead,United Arab Emirates
Murex MxML,Murex Integration Lead,United Arab Emirates
Android,Senior Android Developer (Automotive OS Experience),Spain
Android,Senior Android Developer (Automotive OS Experience),Spain
Java,Regular Java Developer,India
Java,Regular Java Developer,India
Java,Regular Java Developer,India
Java,Regular Java Developer,India
Java,Senior Java Developer,India
Java,Senior Java Developer,India
Software/System Architecture,Technical Delivery Expert,India
Software/System Architecture,Technical Delivery Expert,India
Software/System Architecture,Technical Delivery Expert,India
Software/System Architecture,Technical Delivery Expert,India
Murex ECM,Murex Configuration and Environment Manager,United States of America
Murex ECM,Murex Configuration and Environment Manager,United States of America
Murex ECM,Murex Configuration and Environment Manager,Anywhere
Murex ECM,Murex Configuration and Environment Manager,Anywhere
Murex ECM,Murex Senior Performance Analyst,Mexico
Murex ECM,Murex Senior Performance Analyst,Mexico
Murex ECM,Murex Senior Performance Analyst,Anywhere
Murex ECM,Murex Senior Performance Analyst,Anywhere
Murex ECM,Murex Technical Engineer,Mexico
Murex ECM,Murex Technical Engineer,Mexico
Murex ECM,Murex Technical Engineer,Anywhere
Murex ECM,Murex Technical Engineer,Anywhere
AI/ML,Senior AI Engineer,India
AI/ML,Senior AI Engineer,India
AI/ML,Senior AI Engineer,India
AI/ML,Senior AI Engineer,India
Automated Testing Python,Test Automation Engineer,Romania
Automated Testing Python,Test Automation Engineer,Romania
C/C++,Senior Vision Systems Engineer,United Arab Emirates
C/C++,Senior Vision Systems Engineer,United Arab Emirates
C/C++,Senior Vision Systems Engineer,Anywhere
C/C++,Senior Vision Systems Engineer,Anywhere
Business Analysis,Workday Reporting Analyst,India
Business Analysis,Workday Reporting Analyst,India
Business Analysis,Workday Reporting Analyst,India
Business Analysis,Workday Reporting Analyst,India
Business Analysis,Workday Reporting Analyst,India
Business Analysis,Workday Reporting Analyst,India
Business Analysis,Workday Reporting Analyst,India
Business Analysis,Workday Reporting Analyst,India
Business Analysis,Workday Reporting Analyst,India
Business Analysis,Workday Reporting Analyst,India
Business Analysis,Workday Reporting Analyst,India
Business Analysis,Workday Reporting Analyst,India
Business Analysis,Workday Reporting Analyst,India
Business Analysis,Workday Reporting Analyst,India
Business Analysis,Workday Reporting Analyst,India
Business Analysis,Workday Reporting Analyst,India
C/C++,Vision Systems Architect,United Arab Emirates
C/C++,Vision Systems Architect,United Arab Emirates
C/C++,Vision Systems Architect,Anywhere
C/C++,Vision Systems Architect,Anywhere
Background Check,Employment Screening Specialist,India
Background Check,Employment Screening Specialist,India
Temenos,Temenos Business Analyst,India
Temenos,Temenos Business Analyst,India
Temenos,Temenos Business Analyst,India
Temenos,Temenos Business Analyst,India
Technical Support (SL3),L3 Production Support Engineer,Malaysia
Technical Support (SL3),L3 Production Support Engineer,Malaysia
Cobol (Mainframe),Senior COBOL Developer ,Denmark
Cobol (Mainframe),Senior COBOL Developer ,Denmark
Business Analysis,Treasury Front Office Consultant,United Arab Emirates
Business Analysis,Treasury Front Office Consultant,United Arab Emirates
Calypso,Calypso Back Office Business Analyst,India
Calypso,Calypso Back Office Business Analyst,India
Java Full Stack,Full Stack Developer,Serbia
Java Full Stack,Full Stack Developer,Serbia
Java Full Stack,Full Stack Developer,Anywhere
Java Full Stack,Full Stack Developer,Anywhere
Calypso,Calypso Front Office QA,United States of America
Calypso,Calypso Front Office QA,United States of America
Calypso,Calypso Front Office QA,Mexico
Calypso,Calypso Front Office QA,Mexico
Calypso,Calypso Front Office QA,Canada
Calypso,Calypso Front Office QA,Canada
Calypso,Calypso BO/Accounting QA,United States of America
Calypso,Calypso BO/Accounting QA,United States of America
Calypso,Calypso BO/Accounting QA,Mexico
Calypso,Calypso BO/Accounting QA,Mexico
Calypso,Calypso BO/Accounting QA,Canada
Calypso,Calypso BO/Accounting QA,Canada
Calypso,Calypso BA Accounting,United States of America
Calypso,Calypso BA Accounting,United States of America
Calypso,Calypso BA Accounting,Mexico
Calypso,Calypso BA Accounting,Mexico
Calypso,Calypso BA Accounting,Canada
Calypso,Calypso BA Accounting,Canada
C/C++,Senior Software Engineer (MFC &amp; C++ &amp; .Net ),India
C/C++,Senior Software Engineer (MFC &amp; C++ &amp; .Net ),India
"Other Vendor specific (Quantum, Coremont etc.)",Smartstream IDLM Support Analyst,India
"Other Vendor specific (Quantum, Coremont etc.)",Smartstream IDLM Support Analyst,India
"Other Vendor specific (Quantum, Coremont etc.)",Smartstream IDLM Support Analyst,India
"Other Vendor specific (Quantum, Coremont etc.)",Smartstream IDLM Support Analyst,India
Financial Planning & Analysis,Financial Partner,Ukraine
Financial Planning & Analysis,Financial Partner,Ukraine
Financial Planning & Analysis,Financial Partner,Ukraine
Financial Planning & Analysis,Financial Partner,Ukraine
Solution/Integration Architecture,Insurance Solution Architect,India
Solution/Integration Architecture,Insurance Solution Architect,India
Solution/Integration Architecture,Insurance Solution Architect,India
Solution/Integration Architecture,Insurance Solution Architect,India
Solution/Integration Architecture,Insurance Solution Architect,India
Solution/Integration Architecture,Insurance Solution Architect,India
Solution/Integration Architecture,Insurance Solution Architect,India
Solution/Integration Architecture,Insurance Solution Architect,India
Solution/Integration Architecture,Insurance Solution Architect,India
Solution/Integration Architecture,Insurance Solution Architect,India
Solution/Integration Architecture,Insurance Solution Architect,India
Solution/Integration Architecture,Insurance Solution Architect,India
Solution/Integration Architecture,Insurance Solution Architect,India
Solution/Integration Architecture,Insurance Solution Architect,India
Recruitment Research,IT Recruitment Researcher ,Ukraine
Recruitment Research,IT Recruitment Researcher ,Ukraine
Recruitment Research,IT Recruitment Researcher ,Ukraine
Recruitment Research,IT Recruitment Researcher ,Ukraine
DevOps,System Administrator (Microsoft Active Directory),Ukraine
DevOps,System Administrator (Microsoft Active Directory),Ukraine
DevOps,System Administrator (Microsoft Exchange),Ukraine
DevOps,System Administrator (Microsoft Exchange),Ukraine
Software - Other,Senior KDB+ Developer,United Kingdom of Great Britain and Northern Ireland
Software - Other,Senior KDB+ Developer,United Kingdom of Great Britain and Northern Ireland
C#/VB.NET,Senior Full stack Developer,United Arab Emirates
C#/VB.NET,Senior Full stack Developer,United Arab Emirates
Java,Senior Software Developer,Poland
Java,Senior Software Developer,Poland
Java,Senior Software Developer,Poland
Java,Senior Software Developer,Poland
Hogan,Senior Hogan ILP Business Analyst,United States of America
Hogan,Senior Hogan ILP Business Analyst,United States of America
Java,Lead Java Software Developer,Poland
Java,Lead Java Software Developer,Poland
Java,Lead Java Software Developer,Poland
Java,Lead Java Software Developer,Poland
Java,Lead Java Software Developer,Poland
Java,Lead Java Software Developer,Poland
Java,Senior Java Developer,Romania
Java,Senior Java Developer,Romania
Other Consulting,Cyber Security SME,India
Other Consulting,Cyber Security SME,India
C#/VB.NET,Senior/Lead Full-Stack Developer (.Net+Angular),Spain
C#/VB.NET,Senior/Lead Full-Stack Developer (.Net+Angular),Spain
C#/VB.NET,Senior/Lead Full-Stack Developer (.Net+Angular),Portugal
C#/VB.NET,Senior/Lead Full-Stack Developer (.Net+Angular),Portugal
C#/VB.NET,Senior/Lead Full-Stack Developer (.Net+Angular),Romania
C#/VB.NET,Senior/Lead Full-Stack Developer (.Net+Angular),Romania
Java,Senior Java Developer,Poland
Java,Senior Java Developer,Poland
"ETL (Informatica, Ab Initio etc.)","Developer (Informatica, Oracle, AS 400)",Malaysia
"ETL (Informatica, Ab Initio etc.)","Developer (Informatica, Oracle, AS 400)",Malaysia
Hogan,Senior CAMS Business Analyst,United States of America
Hogan,Senior CAMS Business Analyst,United States of America
Hogan,Senior CAMS Business Analyst,Anywhere
Hogan,Senior CAMS Business Analyst,Anywhere
"Other Vendor specific (Quantum, Coremont etc.)",Senior Consultant - Finastra Fusion Risk ARC,India
"Other Vendor specific (Quantum, Coremont etc.)",Senior Consultant - Finastra Fusion Risk ARC,India
Hogan,Senior Hogan ILP Developer,United States of America
Hogan,Senior Hogan ILP Developer,United States of America
Automated Testing Python,Lead QA Automation Engineer,Poland
Automated Testing Python,Lead QA Automation Engineer,Poland
Automated Testing Python,Lead QA Automation Engineer,Poland
Automated Testing Python,Lead QA Automation Engineer,Poland
C#/VB.NET,Senior/Lead Full-Stack Developer (.Net+Angular),Serbia
C#/VB.NET,Senior/Lead Full-Stack Developer (.Net+Angular),Serbia
C#/VB.NET,Senior/Lead Full-Stack Developer (.Net+Angular),Bulgaria
C#/VB.NET,Senior/Lead Full-Stack Developer (.Net+Angular),Bulgaria
AI/ML,Senior AI Engineer,Romania
AI/ML,Senior AI Engineer,Romania
C/C++,Low-Latency C++ Developer,Singapore
C/C++,Low-Latency C++ Developer,Singapore
C/C++,Senior C++ Developer (with Market Data experience),United States of America
C/C++,Senior C++ Developer (with Market Data experience),United States of America
C/C++,Senior C++ Developer (with Market Data experience),United Kingdom of Great Britain and Northern Ireland
C/C++,Senior C++ Developer (with Market Data experience),United Kingdom of Great Britain and Northern Ireland
Sales Professional,Sales Director,Mexico
Sales Professional,Sales Director,Mexico
C#/VB.NET,Senior/Lead Full-Stack Developer (.Net+Angular),Mexico
C#/VB.NET,Senior/Lead Full-Stack Developer (.Net+Angular),Mexico
Sales Professional,Sales Director,Brazil
Sales Professional,Sales Director,Brazil
Java,"Senior Java Developer (with Python, AWS and Terraform)",Canada
Java,"Senior Java Developer (with Python, AWS and Terraform)",Canada
Murex FO,Murex Front Office Commodity BA,France
Murex FO,Murex Front Office Commodity BA,France
C/C++,C++ Developer - Global Markets New Products Team,Singapore
C/C++,C++ Developer - Global Markets New Products Team,Singapore
Java,Senior Java Software Engineer,India
Java,Senior Java Software Engineer,India
Java,Senior Java Software Engineer,India
Java,Senior Java Software Engineer,India
Java,Senior Java Software Engineer,India
Java,Senior Java Software Engineer,India
Java,Senior Java Software Engineer,India
Java,Senior Java Software Engineer,India
Automated Testing Python,Senior QA Automation (Python) with Networking,India
Automated Testing Python,Senior QA Automation (Python) with Networking,India
Technical Project Management,"Platform Integration Planning Lead (Gaydon, UK)",United Kingdom of Great Britain and Northern Ireland
Technical Project Management,"Platform Integration Planning Lead (Gaydon, UK)",United Kingdom of Great Britain and Northern Ireland
Android,Senior Android Developer (Automotive OS Experience),Serbia
Android,Senior Android Developer (Automotive OS Experience),Serbia
Android,Senior Android Developer (Automotive OS Experience),Poland
Android,Senior Android Developer (Automotive OS Experience),Poland
Android,Senior Android Developer (Automotive OS Experience),Romania
Android,Senior Android Developer (Automotive OS Experience),Romania
Android,Senior Android Developer (Automotive OS Experience),Italy
Android,Senior Android Developer (Automotive OS Experience),Italy
Android,Senior Android Developer (Automotive OS Experience),Bulgaria
Android,Senior Android Developer (Automotive OS Experience),Bulgaria
DevOps,Senior DevOps with Android pipelines experience,Serbia
DevOps,Senior DevOps with Android pipelines experience,Serbia
DevOps,Senior DevOps with Android pipelines experience,Romania
DevOps,Senior DevOps with Android pipelines experience,Romania
DevOps,Senior DevOps with Android pipelines experience,Poland
DevOps,Senior DevOps with Android pipelines experience,Poland
DevOps,Senior DevOps with Android pipelines experience,Italy
DevOps,Senior DevOps with Android pipelines experience,Italy
Software - Other,"Principal Engineer / Technical Team Lead, Hardware Security Platform",Poland
Software - Other,"Principal Engineer / Technical Team Lead, Hardware Security Platform",Poland
Domain Specific Languages,Senior AI Developer (Automators),Serbia
Domain Specific Languages,Senior AI Developer (Automators),Serbia
DevOps,DevOps Engineer,India
DevOps,DevOps Engineer,India
DevOps,DevOps Engineer,India
DevOps,DevOps Engineer,India
DevOps,DevOps Engineer,India
DevOps,DevOps Engineer,India
Murex ECM,Senior Murex Environment Management Consultant,India
Murex ECM,Senior Murex Environment Management Consultant,India
Murex ECM,Senior Murex Environment Management Consultant,India
Murex ECM,Senior Murex Environment Management Consultant,India
iOS (Objective-C/Swift),Senior iOS Developer,United Arab Emirates
iOS (Objective-C/Swift),Senior iOS Developer,United Arab Emirates
Automated Testing Java,Senior Test Engineer,India
Automated Testing Java,Senior Test Engineer,India
Java Full Stack,Senior Full Stack Developer with React,India
Java Full Stack,Senior Full Stack Developer with React,India
Axiom,Axiom Developer,India
Axiom,Axiom Developer,India
Axiom,Axiom Developer,India
Axiom,Axiom Developer,India
AI/ML,Senior AI Engineer,Singapore
AI/ML,Senior AI Engineer,Singapore
Other Consulting,Splunk Monitoring Consultant,India
Other Consulting,Splunk Monitoring Consultant,India
Other Consulting,Splunk Monitoring Consultant,India
Other Consulting,Splunk Monitoring Consultant,India
Other Consulting,Splunk Monitoring Consultant,India
Other Consulting,Splunk Monitoring Consultant,India
Automated Testing Others,Senior QA,India
Automated Testing Others,Senior QA,India
Avaloq,Avaloq CAPI Developer,India
Avaloq,Avaloq CAPI Developer,India
Avaloq,Avaloq CAPI Tech Lead,India
Avaloq,Avaloq CAPI Tech Lead,India
Avaloq,Avaloq CAPI Tech Lead,India
Avaloq,Avaloq CAPI Tech Lead,India
Delivery Project Management,Squad Lead / Delivery Lead ,India
Delivery Project Management,Squad Lead / Delivery Lead ,India
C#/VB.NET,"Senior Backend Developer (.NET, Azure)",Ukraine
C#/VB.NET,"Senior Backend Developer (.NET, Azure)",Ukraine
Financial Planning & Analysis,Financial Partner,Ukraine
Financial Planning & Analysis,Financial Partner,Ukraine
Delivery Project Management,Senior IT Risk Project Manager,United States of America
Delivery Project Management,Senior IT Risk Project Manager,United States of America
Delivery Project Management,Senior IT Risk Project Manager,United States of America
Delivery Project Management,Senior IT Risk Project Manager,United States of America
Delivery Project Management,Senior IT Risk Project Manager,United States of America
Delivery Project Management,Senior IT Risk Project Manager,United States of America
Delivery Project Management,Senior IT Risk Project Manager,United States of America
Delivery Project Management,Senior IT Risk Project Manager,United States of America
Cybersecurity,Technical Business Analyst,Romania
Cybersecurity,Technical Business Analyst,Romania
Java,Senior Blockchain Developer,United Kingdom of Great Britain and Northern Ireland
Java,Senior Blockchain Developer,United Kingdom of Great Britain and Northern Ireland
DevOps,Senior DevOps Engineer,Mexico
DevOps,Senior DevOps Engineer,Mexico
DevOps,UI DevOps Engineer,India
DevOps,UI DevOps Engineer,India
C#/VB.NET,Senior Fullstack developer (.NET+Angular),India
C#/VB.NET,Senior Fullstack developer (.NET+Angular),India
C#/VB.NET,Senior Fullstack developer (.NET+Angular),India
C#/VB.NET,Senior Fullstack developer (.NET+Angular),India
Automated Testing Java,Senior QA automation,Romania
Automated Testing Java,Senior QA automation,Romania
C/C++,Development Engineer C++ with Linux,Romania
C/C++,Development Engineer C++ with Linux,Romania
Business Analysis,Business Analyst,Romania
Business Analysis,Business Analyst,Romania
Delivery Project Management,Senior IT Risk Project Manager,India
Delivery Project Management,Senior IT Risk Project Manager,India
Delivery Project Management,Senior IT Risk Project Manager,India
Delivery Project Management,Senior IT Risk Project Manager,India
AI/ML,ML Engineer ,India
AI/ML,ML Engineer ,India
AI/ML,ML Engineer ,India
AI/ML,ML Engineer ,India
Automated Testing Others,Senior QA Engineer,India
Automated Testing Others,Senior QA Engineer,India
Automated Testing Others,Senior Pyspark Tester,India
Automated Testing Others,Senior Pyspark Tester,India
Automated Testing Others,Senior Pyspark Tester,India
Automated Testing Others,Senior Pyspark Tester,India
Business Analysis,Senior Business Functional Analyst - Requirements Engineer (Banking),Romania
Business Analysis,Senior Business Functional Analyst - Requirements Engineer (Banking),Romania
Murex BO,Murex Back-Office/Operations Developer,Mexico
Murex BO,Murex Back-Office/Operations Developer,Mexico
Murex BO,Murex Back-Office/Operations Developer,Anywhere
Murex BO,Murex Back-Office/Operations Developer,Anywhere
Java,Lead Java Developer,Romania
Java,Lead Java Developer,Romania
Automated Testing Java,Lead Automation QA (Java),Romania
Automated Testing Java,Lead Automation QA (Java),Romania
Java,Senior Java Developer,Romania
Java,Senior Java Developer,Romania
Software/System Architecture,Modernization Lead/Architect,United States of America
Software/System Architecture,Modernization Lead/Architect,United States of America
Other Packaged Software,Senior Java Developer (Comunda experience nice to have),Romania
Other Packaged Software,Senior Java Developer (Comunda experience nice to have),Romania
Java,SeniorRegular GIS Java Developer,Turkiye
Java,SeniorRegular GIS Java Developer,Turkiye
Java,SeniorRegular GIS Java Developer,Egypt
Java,SeniorRegular GIS Java Developer,Egypt
SAP,SAP Basis Expert,Spain
SAP,SAP Basis Expert,Spain
Hogan,Senior Hogan ODS Developer,United States of America
Hogan,Senior Hogan ODS Developer,United States of America
Murex FO,Murex Trading FO,Brazil
Murex FO,Murex Trading FO,Brazil
Murex FO,Murex Trading FO,Canada
Murex FO,Murex Trading FO,Canada
Murex FO,Murex Trading FO,Mexico
Murex FO,Murex Trading FO,Mexico
Axiom,Axiom Developer,India
Axiom,Axiom Developer,India
Java,Senior Full-Stack Engineer ,Romania
Java,Senior Full-Stack Engineer ,Romania
Other Packaged Software,Developer IBM i (AS400),Malaysia
Other Packaged Software,Developer IBM i (AS400),Malaysia
Python,Senior/Lead Python Software Engineer,Serbia
Python,Senior/Lead Python Software Engineer,Serbia
Business Analysis,System management Analyst (Workday SCM),India
Business Analysis,System management Analyst (Workday SCM),India
Business Analysis,System management Analyst (Workday SCM),India
Business Analysis,System management Analyst (Workday SCM),India
Business Analysis,System management Analyst (Workday SCM),India
Business Analysis,System management Analyst (Workday SCM),India
Business Analysis,System management Analyst (Workday SCM),India
Business Analysis,System management Analyst (Workday SCM),India
Business Analysis,System management Analyst (Workday SCM),India
Business Analysis,System management Analyst (Workday SCM),India
Business Analysis,System management Analyst (Workday SCM),India
Business Analysis,System management Analyst (Workday SCM),India
Murex MxML,Senior Murex Integration Specialist,Canada
Murex MxML,Senior Murex Integration Specialist,Canada
C Embedded,Regular Embedded Software Engineer,Viet Nam
C Embedded,Regular Embedded Software Engineer,Viet Nam
Java, Senior Java Software Developer,Poland
Java, Senior Java Software Developer,Poland
Java, Senior Java Software Developer,Poland
Java, Senior Java Software Developer,Poland
Java, Senior Java Software Developer,Poland
Java, Senior Java Software Developer,Poland
Axiom,Axiom Developer,India
Axiom,Axiom Developer,India
Java,Senior Java Software Developer,Poland
Java,Senior Java Software Developer,Poland
Java,Senior Java Software Developer,Poland
Java,Senior Java Software Developer,Poland
Java,Senior Java Software Developer,Poland
Java,Senior Java Software Developer,Poland
Java,Senior Java Developer Fixed Income Cash,United States of America
Java,Senior Java Developer Fixed Income Cash,United States of America
Automated Testing Java,Senior QA Engineer,India
Automated Testing Java,Senior QA Engineer,India
Python,Senior Python/AI Engineer,India
Python,Senior Python/AI Engineer,India
Python,Senior Python/AI Engineer,India
Python,Senior Python/AI Engineer,India
Android,Senior Android Developer (Automotive OS Experience),Bulgaria
Android,Senior Android Developer (Automotive OS Experience),Bulgaria
Technical Support (SL2),Change & Release Management Engineer ,India
Technical Support (SL2),Change & Release Management Engineer ,India
Python,Senior Pyspark Developer,India
Python,Senior Pyspark Developer,India
Python,Senior Pyspark Developer,India
Python,Senior Pyspark Developer,India
Java,Senior Java Developer,Romania
Java,Senior Java Developer,Romania
Automated Testing Python,Lead QA Automation Engineer,United Arab Emirates
Automated Testing Python,Lead QA Automation Engineer,United Arab Emirates
Murex MxML,Senior Murex Integration Specialist,Canada
Murex MxML,Senior Murex Integration Specialist,Canada
Java,Senior Software Developer,Poland
Java,Senior Software Developer,Poland
Java,Senior Java Developer,Poland
Java,Senior Java Developer,Poland
C/C++,Senior C++ Developer (with Market Data experience),United States of America
C/C++,Senior C++ Developer (with Market Data experience),United States of America
Other System Languages,Salesforce Service Cloud Developer,India
Other System Languages,Salesforce Service Cloud Developer,India
Other System Languages,Salesforce Service Cloud Developer,India
Other System Languages,Salesforce Service Cloud Developer,India
Other System Languages,Salesforce Service Cloud Developer,India
Other System Languages,Salesforce Service Cloud Developer,India
Business Analysis,System management Analyst (Workday SCM),India
Business Analysis,System management Analyst (Workday SCM),India
Business Analysis,System management Analyst (Workday SCM),India
Business Analysis,System management Analyst (Workday SCM),India
Business Analysis,System management Analyst (Workday SCM),India
Business Analysis,System management Analyst (Workday SCM),India
DevOps,Citrix System Administrator,Ukraine
DevOps,Citrix System Administrator,Ukraine
Java,SeniorRegular GIS Java Developer,Ukraine
Java,SeniorRegular GIS Java Developer,Ukraine
C#/VB.NET,Senior/Lead Full-Stack Developer (.Net+Angular),Poland
C#/VB.NET,Senior/Lead Full-Stack Developer (.Net+Angular),Poland
Hogan,Senior Hogan ILP Developer,United States of America
Hogan,Senior Hogan ILP Developer,United States of America
DevOps,Senior CICS System Programmer,India
DevOps,Senior CICS System Programmer,India
Murex ERM,Murex Credit Risk Consultant,India
Murex ERM,Murex Credit Risk Consultant,India
Automated Testing Python,Senior ETL Test Engineer,India
Automated Testing Python,Senior ETL Test Engineer,India
C#/VB.NET,Fullstack Engineer,Egypt
C#/VB.NET,Fullstack Engineer,Egypt
C#/VB.NET,Fullstack Engineer,India
C#/VB.NET,Fullstack Engineer,India
Test Driving,Test Driver,United States of America
Test Driving,Test Driver,United States of America
Temenos,Senior Tester (Temenos Transact and TPH),India
Temenos,Senior Tester (Temenos Transact and TPH),India
Test Driving,Test Driver (Co-Driver),United States of America
Test Driving,Test Driver (Co-Driver),United States of America
Android,Android Developer,Malaysia
Android,Android Developer,Malaysia
Murex BO,Murex Senior Finance Consultant,Singapore
Murex BO,Murex Senior Finance Consultant,Singapore
Technical Support (SL3),Senior Analytics/Reporting Engineer (Cognos BI),Mexico
Technical Support (SL3),Senior Analytics/Reporting Engineer (Cognos BI),Mexico
C/C++,Senior Vision Systems Engineer,India
C/C++,Senior Vision Systems Engineer,India
Software/System Architecture,Software Architect Infotainment,Sweden
Software/System Architecture,Software Architect Infotainment,Sweden
Business Analysis,Compliance Business Analyst,United Kingdom of Great Britain and Northern Ireland
Business Analysis,Compliance Business Analyst,United Kingdom of Great Britain and Northern Ireland
Product Owner,Senior Product Owner,Romania
Product Owner,Senior Product Owner,Romania
Manual Testing, Validation Engineer,India
Manual Testing, Validation Engineer,India
AI/ML,Senior Data Modeler u2013 AI & Advanced Analytics,India
AI/ML,Senior Data Modeler u2013 AI & Advanced Analytics,India
AI/ML,Senior Data Modeler u2013 AI & Advanced Analytics,India
AI/ML,Senior Data Modeler u2013 AI & Advanced Analytics,India
AI/ML,Senior Data Modeler u2013 AI & Advanced Analytics,India
AI/ML,Senior Data Modeler u2013 AI & Advanced Analytics,India
Business Analysis,Business Analyst,United Kingdom of Great Britain and Northern Ireland
Business Analysis,Business Analyst,United Kingdom of Great Britain and Northern Ireland
Murex FO,Senior Murex Front Office Consultant,United States of America
Murex FO,Senior Murex Front Office Consultant,United States of America
Java,Senior Java Developer,India
Java,Senior Java Developer,India
Automated Testing Java,Senior Mobile Manual QA Engineer,Argentina
Automated Testing Java,Senior Mobile Manual QA Engineer,Argentina
Automated Testing Java,Senior Mobile Manual QA Engineer,Mexico
Automated Testing Java,Senior Mobile Manual QA Engineer,Mexico
Automated Testing Java,Senior Mobile Manual QA Engineer,Colombia
Automated Testing Java,Senior Mobile Manual QA Engineer,Colombia
Other Packaged Software,Senior Power BI Developer,India
Other Packaged Software,Senior Power BI Developer,India
Domain Specific Languages,Progress 4GL OpenEdge Developer,Poland
Domain Specific Languages,Progress 4GL OpenEdge Developer,Poland
Domain Specific Languages,Progress 4GL OpenEdge Developer,India
Domain Specific Languages,Progress 4GL OpenEdge Developer,India
Automated Testing Java,Regular Automation Java QA Engineer,India
Automated Testing Java,Regular Automation Java QA Engineer,India
Java,Senior Java Developer,Ukraine
Java,Senior Java Developer,Ukraine
C#/VB.NET,NET & Optimizely Developer,United States of America
C#/VB.NET,NET & Optimizely Developer,United States of America
C#/VB.NET,C# ./Net Developer with Automotive experience,Sweden
C#/VB.NET,C# ./Net Developer with Automotive experience,Sweden
Murex ECM,Murex Environment Manager (EOD+Market Risk),Saudi Arabia
Murex ECM,Murex Environment Manager (EOD+Market Risk),Saudi Arabia
Murex BO,Murex Production Support - Back Office,Saudi Arabia
Murex BO,Murex Production Support - Back Office,Saudi Arabia
Delivery Project Management,Technical Account Manager / Account Delivery Lead,Australia
Delivery Project Management,Technical Account Manager / Account Delivery Lead,Australia
Delivery Project Management,Senior Business Analyst/Project Manager ,China
Delivery Project Management,Senior Business Analyst/Project Manager ,China
Python,Senior Full Stack Developer - FastAPI / Vue 3,Viet Nam
Python,Senior Full Stack Developer - FastAPI / Vue 3,Viet Nam
Python,Senior Full Stack Developer - FastAPI / Vue 3,Malaysia
Python,Senior Full Stack Developer - FastAPI / Vue 3,Malaysia
Python,Senior Full Stack Developer - FastAPI / Vue 3,Malaysia
Python,Senior Full Stack Developer - FastAPI / Vue 3,Malaysia
Data Modeling,Snowflake Data Modeller,United Kingdom of Great Britain and Northern Ireland
Data Modeling,Snowflake Data Modeller,United Kingdom of Great Britain and Northern Ireland
Business Analysis,Functional Analyst,Serbia
Business Analysis,Functional Analyst,Serbia
Data Modeling,Data Engineer (ETL),Egypt
Data Modeling,Data Engineer (ETL),Egypt
Data Modeling,Data Engineer (ETL),India
Data Modeling,Data Engineer (ETL),India
C Embedded,In-Vehicle Platform Engineering Intern,Brazil
C Embedded,In-Vehicle Platform Engineering Intern,Brazil
Automated Testing Python,VAS Stack Validation Engineer,India
Automated Testing Python,VAS Stack Validation Engineer,India
Murex MxML,Senior Murex Integration Specialist,Poland
Murex MxML,Senior Murex Integration Specialist,Poland
Avaloq,Avaloq CAPI Developer,United Kingdom of Great Britain and Northern Ireland
Avaloq,Avaloq CAPI Developer,United Kingdom of Great Britain and Northern Ireland
Business Analysis,Senior Business Analyst - Capital Markets,India
Business Analysis,Senior Business Analyst - Capital Markets,India
Business Analysis,Senior Business Analyst - Capital Markets ,Australia
Business Analysis,Senior Business Analyst - Capital Markets ,Australia
SAP,Technical Test Manager SAP,Romania
SAP,Technical Test Manager SAP,Romania
SAP,Technical Test Manager SAP,Poland
SAP,Technical Test Manager SAP,Poland
SAP,Technical Test Manager SAP,Bulgaria
SAP,Technical Test Manager SAP,Bulgaria
AI/ML,Lead AI/ML Engineer,Sweden
AI/ML,Lead AI/ML Engineer,Sweden
Automated Testing Java,Automation Tester - Market Surveillance / Financial Services,India
Automated Testing Java,Automation Tester - Market Surveillance / Financial Services,India
C#/VB.NET,Senior .Net Developer (Azure),India
C#/VB.NET,Senior .Net Developer (Azure),India
Analytics Solution Architecture,Senior Solution Designer,India
Analytics Solution Architecture,Senior Solution Designer,India
Front-end React,Front-End Developer,India
Front-end React,Front-End Developer,India
Murex FO,Murex FO Business Analyst,Malaysia
Murex FO,Murex FO Business Analyst,Malaysia
Murex Testing,Murex Test Manager,Malaysia
Murex Testing,Murex Test Manager,Malaysia
Delivery Project Management,Technical Delivery Manager - AI,Singapore
Delivery Project Management,Technical Delivery Manager - AI,Singapore
Automated Testing Java,Senior Java SDET ,Mexico
Automated Testing Java,Senior Java SDET ,Mexico
Automated Testing Python,Automation Test / Lab Support Engineer,United States of America
Automated Testing Python,Automation Test / Lab Support Engineer,United States of America
Murex Others,Murex BA,Canada
Murex Others,Murex BA,Canada
Murex FO,Senior Murex Front Office Consultant,Canada
Murex FO,Senior Murex Front Office Consultant,Canada
Calypso,Calypso Senior QA Automation,India
Calypso,Calypso Senior QA Automation,India
Calypso,Calypso Senior QA Automation,India
Calypso,Calypso Senior QA Automation,India
Software - Other,Data Engineer (Microsoft Azure),United States of America
Software - Other,Data Engineer (Microsoft Azure),United States of America
Calypso,Calypso Treasury Tech Analyst,France
Calypso,Calypso Treasury Tech Analyst,France
Automated Testing Java,Senior Automation Java QA Engineer,India
Automated Testing Java,Senior Automation Java QA Engineer,India
BPM RPA,Senior Robotic Process Automation (RPA) Developer,Ukraine
BPM RPA,Senior Robotic Process Automation (RPA) Developer,Ukraine
Java,Senior Forward Deployment Engineer,United Kingdom of Great Britain and Northern Ireland
Java,Senior Forward Deployment Engineer,United Kingdom of Great Britain and Northern Ireland
Java,Expert Forward Deployment Engineer,United Kingdom of Great Britain and Northern Ireland
Java,Expert Forward Deployment Engineer,United Kingdom of Great Britain and Northern Ireland
Java,Senior Forward Deployment Engineer,United States of America
Java,Senior Forward Deployment Engineer,United States of America
Java,Senior Forward Deployment Engineer,Canada
Java,Senior Forward Deployment Engineer,Canada
Java,Senior Forward Deployment Engineer,United States of America
Java,Senior Forward Deployment Engineer,United States of America
Java,Senior Forward Deployment Engineer,United States of America
Java,Senior Forward Deployment Engineer,United States of America
Automated Testing Java,Lead Automation QA Engineer,India
Automated Testing Java,Lead Automation QA Engineer,India
Java Full Stack,Full Stack Java Web Developer,United Kingdom of Great Britain and Northern Ireland
Java Full Stack,Full Stack Java Web Developer,United Kingdom of Great Britain and Northern Ireland
Java Full Stack,Full Stack Java Web Developer,United Kingdom of Great Britain and Northern Ireland
Java Full Stack,Full Stack Java Web Developer,United Kingdom of Great Britain and Northern Ireland
Java, Expert Forward Deployment Engineer,United States of America
Java, Expert Forward Deployment Engineer,United States of America
Java, Expert Forward Deployment Engineer,Canada
Java, Expert Forward Deployment Engineer,Canada
Java, Expert Forward Deployment Engineer,United States of America
Java, Expert Forward Deployment Engineer,United States of America
Java, Expert Forward Deployment Engineer,United States of America
Java, Expert Forward Deployment Engineer,United States of America
DevOps,Cloud Engineer (DevOps),India
DevOps,Cloud Engineer (DevOps),India
Automated Testing Python,Senior Python Tester - Banking /Capital Markets,India
Automated Testing Python,Senior Python Tester - Banking /Capital Markets,India
Business Analysis,Senior LoanIQ Technical BA,United States of America
Business Analysis,Senior LoanIQ Technical BA,United States of America
Product Owner,Product Owner,India
Product Owner,Product Owner,India
DevOps,Senior DevOps Engineer ,Romania
DevOps,Senior DevOps Engineer ,Romania
C Embedded,Senior Embedded Software Engineer,Viet Nam
C Embedded,Senior Embedded Software Engineer,Viet Nam
Loan IQ,Senior LoanIQ Technical Business Analyst,India
Loan IQ,Senior LoanIQ Technical Business Analyst,India
Loan IQ,LoanIQ Technical Business Analyst,India
Loan IQ,LoanIQ Technical Business Analyst,India
"Other Vendor specific (Quantum, Coremont etc.)",Techno-Functional Reconciliation Consultant (SmartStream TLM/IntelliMatch),Singapore
"Other Vendor specific (Quantum, Coremont etc.)",Techno-Functional Reconciliation Consultant (SmartStream TLM/IntelliMatch),Singapore
Calypso,Senior Calypso Business Analyst,India
Calypso,Senior Calypso Business Analyst,India
Calypso,Senior Calypso Business Analyst,Australia
Calypso,Senior Calypso Business Analyst,Australia
Python,Python Data & AI Developer,Romania
Python,Python Data & AI Developer,Romania
C#/VB.NET,"Core Support - Full Stack Engineer (.Net, JS, React)",India
C#/VB.NET,"Core Support - Full Stack Engineer (.Net, JS, React)",India
C#/VB.NET,"Core Support - Full Stack Engineer (.Net, JS, React)",India
C#/VB.NET,"Core Support - Full Stack Engineer (.Net, JS, React)",India
C#/VB.NET,"Core Support - Full Stack Engineer (.Net, JS, React)",India
C#/VB.NET,"Core Support - Full Stack Engineer (.Net, JS, React)",India
Business Analysis,Functional Analyst,Serbia
Business Analysis,Functional Analyst,Serbia
Java,Senior Java Developer,United States of America
Java,Senior Java Developer,United States of America
Java,Senior Java Developer,United States of America
Java,Senior Java Developer,United States of America
C/C++,Graduate AI Engineer - ADAS AI Agents,Sweden
C/C++,Graduate AI Engineer - ADAS AI Agents,Sweden
Java,Senior Java Developer,United States of America
Java,Senior Java Developer,United States of America
Technical Support (SL3),Senior L3 Support / Site Reliability Engineer,Romania
Technical Support (SL3),Senior L3 Support / Site Reliability Engineer,Romania
Technical Support (SL3),Regular L3 Support / Site Reliability Engineer,Romania
Technical Support (SL3),Regular L3 Support / Site Reliability Engineer,Romania
Java,Regular Software Engineer,Poland
Java,Regular Software Engineer,Poland
Java,Regular Software Engineer,Poland
Java,Regular Software Engineer,Poland
Python,Regular Software Engineer,Poland
Python,Regular Software Engineer,Poland
Python,Regular Software Engineer,Poland
Python,Regular Software Engineer,Poland
Test Management,Test Manager (Functional),Romania
Test Management,Test Manager (Functional),Romania
Test Management,Test Manager (Functional),Poland
Test Management,Test Manager (Functional),Poland
Manual Testing,Performance Test Lead (Non-Functional),Romania
Manual Testing,Performance Test Lead (Non-Functional),Romania
Manual Testing,Performance Test Lead (Non-Functional),Poland
Manual Testing,Performance Test Lead (Non-Functional),Poland
Manual Testing,Test Analyst,Romania
Manual Testing,Test Analyst,Romania
Manual Testing,Test Analyst,Poland
Manual Testing,Test Analyst,Poland
Temenos,Temenos TAP (Triple 'A' Plus) Developer with IBM WTX/ITX or TTI/TFI,India
Temenos,Temenos TAP (Triple 'A' Plus) Developer with IBM WTX/ITX or TTI/TFI,India
Temenos,Temenos TAP (Triple 'A' Plus) Developer with IBM WTX/ITX or TTI/TFI,India
Temenos,Temenos TAP (Triple 'A' Plus) Developer with IBM WTX/ITX or TTI/TFI,India
DevOps,Senior DevOps Engineer,India
DevOps,Senior DevOps Engineer,India
DevOps,Senior DevOps Engineer,India
DevOps,Senior DevOps Engineer,India
DevOps,Senior DevOps + MLOps  Engineer,India
DevOps,Senior DevOps + MLOps  Engineer,India
DevOps,Senior DevOps + MLOps  Engineer,India
DevOps,Senior DevOps + MLOps  Engineer,India
"Other Vendor specific (Quantum, Coremont etc.)",Greenhouse Consultant,Poland
"Other Vendor specific (Quantum, Coremont etc.)",Greenhouse Consultant,Poland
Other Consulting,Azure Databricks Developer,Poland
Other Consulting,Azure Databricks Developer,Poland
Business Analysis,REMIT SME / Business Analyst,Switzerland
Business Analysis,REMIT SME / Business Analyst,Switzerland
Business Analysis,REMIT SME / Business Analyst,United Kingdom of Great Britain and Northern Ireland
Business Analysis,REMIT SME / Business Analyst,United Kingdom of Great Britain and Northern Ireland
Integration Engineering,Jnr Linux/Middleware Eng ,Malaysia
Integration Engineering,Jnr Linux/Middleware Eng ,Malaysia
Java,Software Developer (Java and C++),Spain
Java,Software Developer (Java and C++),Spain
Java,Senior Java Developer Ops IT,United States of America
Java,Senior Java Developer Ops IT,United States of America
Java,Senior Java Developer Ops IT,United States of America
Java,Senior Java Developer Ops IT,United States of America
"Other Vendor specific (Quantum, Coremont etc.)",Finastra - Global Payplus Functional Consultant,India
"Other Vendor specific (Quantum, Coremont etc.)",Finastra - Global Payplus Functional Consultant,India
IT Infrastructure Engineering,Desktop Engineer/Architect,Romania
IT Infrastructure Engineering,Desktop Engineer/Architect,Romania
Python,Senior Python Developer (with AWS skills),Canada
Python,Senior Python Developer (with AWS skills),Canada
Java,Senior Java Developer,Poland
Java,Senior Java Developer,Poland
Database Administration,Epic Cogito Database Administrator,Mexico
Database Administration,Epic Cogito Database Administrator,Mexico
Integration Engineering,EHR Integrations u2013 Data Engineer,Mexico
Integration Engineering,EHR Integrations u2013 Data Engineer,Mexico
Business Analysis,Senior Business Analyst (Capital Markets),Romania
Business Analysis,Senior Business Analyst (Capital Markets),Romania
Murex MxML,Murex MxML Developer,India
Murex MxML,Murex MxML Developer,India
Murex MxML,Murex MxML Developer,India
Murex MxML,Murex MxML Developer,India
Murex MxML,Murex MxML Developer,India
Murex MxML,Murex MxML Developer,India
Java Full Stack,Senior Java Full Stack Developer,India
Java Full Stack,Senior Java Full Stack Developer,India
Manual Testing,RTL Design Engineer,India
Manual Testing,RTL Design Engineer,India
Java,Senior Java Developer,Romania
Java,Senior Java Developer,Romania
Murex MxML,Murex MxML Developer,Malaysia
Murex MxML,Murex MxML Developer,Malaysia
Automated Testing Others,Regular-Senior Software Test Engineer ,India
Automated Testing Others,Regular-Senior Software Test Engineer ,India
Business Analysis,Senior Business Analyst (Capital Markets),Romania
Business Analysis,Senior Business Analyst (Capital Markets),Romania
C Embedded,Senior Test Automation Engineer,Mexico
C Embedded,Senior Test Automation Engineer,Mexico
Solution/Integration Architecture,AI Technical Lead,Poland
Solution/Integration Architecture,AI Technical Lead,Poland
AI/ML,AI engineer with Agentic experience,Poland
AI/ML,AI engineer with Agentic experience,Poland
DevOps,Cloud Platform Engineer (Agentic AI),Spain
DevOps,Cloud Platform Engineer (Agentic AI),Spain
Manual Testing,Senior Automation Engineer ,India
Manual Testing,Senior Automation Engineer ,India
Manual Testing,Senior Automation Engineer ,Romania
Manual Testing,Senior Automation Engineer ,Romania
Python,Lead Network Observability Developer,India
Python,Lead Network Observability Developer,India
Database Administration,Senior DBA,Brazil
Database Administration,Senior DBA,Brazil
Other Consulting,Azure Databricks Developer,Poland
Other Consulting,Azure Databricks Developer,Poland
"ETL (Informatica, Ab Initio etc.)",Ab Initio Developer,India
"ETL (Informatica, Ab Initio etc.)",Ab Initio Developer,India
Automated Testing Others,Automation Playwright Engineer,India
Automated Testing Others,Automation Playwright Engineer,India
"Other Vendor specific (Quantum, Coremont etc.)",TLM Smartstream Techno Functional Consultant,Singapore
"Other Vendor specific (Quantum, Coremont etc.)",TLM Smartstream Techno Functional Consultant,Singapore
Java,Full Stack Developer (Kotlin/Java),India
Java,Full Stack Developer (Kotlin/Java),India
Java,Full Stack Developer (Kotlin/Java),India
Java,Full Stack Developer (Kotlin/Java),India
C#/VB.NET,Senior Full Stack .NET/WPF and TypeScript Developer,India
C#/VB.NET,Senior Full Stack .NET/WPF and TypeScript Developer,India
Automated Testing Others,System Test Engineer,Czechia
Automated Testing Others,System Test Engineer,Czechia
DevOps,Senior DevOps Engineer (GCP & Terraform Mandatory),Romania
DevOps,Senior DevOps Engineer (GCP & Terraform Mandatory),Romania
Java,Senior Java Developer,China
Java,Senior Java Developer,China
Murex FO,Murex FO Consultant - Non-Linear Products,United Arab Emirates
Murex FO,Murex FO Consultant - Non-Linear Products,United Arab Emirates
"Other Vendor specific (Quantum, Coremont etc.)",Treasury Accounting Consultant,India
"Other Vendor specific (Quantum, Coremont etc.)",Treasury Accounting Consultant,India
"Other Vendor specific (Quantum, Coremont etc.)",Treasury Accounting Consultant,India
"Other Vendor specific (Quantum, Coremont etc.)",Treasury Accounting Consultant,India
Murex FO,Murex Front Office Consultant ,Australia
Murex FO,Murex Front Office Consultant ,Australia
Orchestrade,Senior BA Orchestrade + Commodities (Accounting),United Kingdom of Great Britain and Northern Ireland
Orchestrade,Senior BA Orchestrade + Commodities (Accounting),United Kingdom of Great Britain and Northern Ireland
Orchestrade,Senior BA Orchestrade + Commodities (Accounting),Romania
Orchestrade,Senior BA Orchestrade + Commodities (Accounting),Romania
Orchestrade,Senior BA Orchestrade + Commodities (Accounting),Germany
Orchestrade,Senior BA Orchestrade + Commodities (Accounting),Germany
Orchestrade,Senior BA Orchestrade + Commodities (Accounting),France
Orchestrade,Senior BA Orchestrade + Commodities (Accounting),France
Orchestrade,Senior BA (Orchestrade + Commodities (BO)),United Kingdom of Great Britain and Northern Ireland
Orchestrade,Senior BA (Orchestrade + Commodities (BO)),United Kingdom of Great Britain and Northern Ireland
Orchestrade,Senior BA (Orchestrade + Commodities (BO)),Romania
Orchestrade,Senior BA (Orchestrade + Commodities (BO)),Romania
Orchestrade,Senior BA (Orchestrade + Commodities (BO)),Germany
Orchestrade,Senior BA (Orchestrade + Commodities (BO)),Germany
Orchestrade,Senior BA (Orchestrade + Commodities (BO)),France
Orchestrade,Senior BA (Orchestrade + Commodities (BO)),France
Software - Other,IT System Management Analyst (Linux system administration),United States of America
Software - Other,IT System Management Analyst (Linux system administration),United States of America
Automated Testing Others,Senior/Lead Software Test Engineer (MobileApp),India
Automated Testing Others,Senior/Lead Software Test Engineer (MobileApp),India
Business Analysis,Senior Business Analyst,United States of America
Business Analysis,Senior Business Analyst,United States of America
BI Engineering,Regular/Senior Dashboard Analyst/BI Developer,Poland
BI Engineering,Regular/Senior Dashboard Analyst/BI Developer,Poland
BI Engineering,Regular/Senior Dashboard Analyst/BI Developer,Egypt
BI Engineering,Regular/Senior Dashboard Analyst/BI Developer,Egypt
BI Engineering,Regular/Senior Dashboard Analyst/BI Developer,India
BI Engineering,Regular/Senior Dashboard Analyst/BI Developer,India
C#/VB.NET,Software Engineer,Switzerland
C#/VB.NET,Software Engineer,Switzerland
Automated Testing Others,Senior Test Lead / ART Test Manager,Sweden
Automated Testing Others,Senior Test Lead / ART Test Manager,Sweden
C/C++ AUTOSAR,COM Engineer,India
C/C++ AUTOSAR,COM Engineer,India
Automated Testing Java,QA Automation Engineer,Canada
Automated Testing Java,QA Automation Engineer,Canada
Automated Testing Java,QA Automation Engineer,United States of America
Automated Testing Java,QA Automation Engineer,United States of America
Automated Testing Python,Automation Tester,Egypt
Automated Testing Python,Automation Tester,Egypt
Other System Languages,Senior TypeScript CI/CD Automation Engineer,United Kingdom of Great Britain and Northern Ireland
Other System Languages,Senior TypeScript CI/CD Automation Engineer,United Kingdom of Great Britain and Northern Ireland
Test Management,Test Manager,Egypt
Test Management,Test Manager,Egypt
Manual Testing,Engineering - Verification Engineer ,India
Manual Testing,Engineering - Verification Engineer ,India
Python,Python Developer | Senior,Mexico
Python,Python Developer | Senior,Mexico
C Embedded,Embedded Software Developer,Romania
C Embedded,Embedded Software Developer,Romania
Manual Testing,Vehicle Manual Test Engineer,Sweden
Manual Testing,Vehicle Manual Test Engineer,Sweden
DevOps,Senior DevOps,Ukraine
DevOps,Senior DevOps,Ukraine
DevOps,Senior DevOps,Anywhere
DevOps,Senior DevOps,Anywhere
Java,Technical Lead Java in US,United States of America
Java,Technical Lead Java in US,United States of America
Java Full Stack,Senior Java Full Stack Developer - Communication Surveillance,India
Java Full Stack,Senior Java Full Stack Developer - Communication Surveillance,India
DWH Development,Senior BigQuery Engineer,Romania
DWH Development,Senior BigQuery Engineer,Romania
Functional/System Analysis,Junior Integration Analyst,Ukraine
Functional/System Analysis,Junior Integration Analyst,Ukraine
C/C++,Engineering - Firmware Engineer ,India
C/C++,Engineering - Firmware Engineer ,India
DevOps,Lead DevOps/Cloud Engineer,Poland
DevOps,Lead DevOps/Cloud Engineer,Poland
Avaloq,Avaloq CAPI Developer,India
Avaloq,Avaloq CAPI Developer,India
SQL (PL/SQL - Oracle),Senior PostgreSQL & Oracle Developer,Romania
SQL (PL/SQL - Oracle),Senior PostgreSQL & Oracle Developer,Romania
"Other Vendor specific (Quantum, Coremont etc.)",Level 2 Operations Support Analyst u2013 Finacle Treasury Management (FTM),India
"Other Vendor specific (Quantum, Coremont etc.)",Level 2 Operations Support Analyst u2013 Finacle Treasury Management (FTM),India
Automated Testing Java,QA Automation Tester,India
Automated Testing Java,QA Automation Tester,India
Manual Testing,Application Engineer for ADAS,Czechia
Manual Testing,Application Engineer for ADAS,Czechia
Manual Testing,Application Engineer for ADAS,Germany
Manual Testing,Application Engineer for ADAS,Germany
Manual Testing,Application Engineer for ADAS,Germany
Manual Testing,Application Engineer for ADAS,Germany
3D Artist,"3D Artist (Generalist, Real-time and Cinematic)",Poland
3D Artist,"3D Artist (Generalist, Real-time and Cinematic)",Poland
3D Artist,"3D Artist (Generalist, Real-time and Cinematic)",Serbia
3D Artist,"3D Artist (Generalist, Real-time and Cinematic)",Serbia
Mechatronics Design,3D/Catia Expert,Sweden
Mechatronics Design,3D/Catia Expert,Sweden
Mechatronics Design,3D/Catia Expert,Brazil
Mechatronics Design,3D/Catia Expert,Brazil
Mechatronics Design,3D/Catia Expert,Germany
Mechatronics Design,3D/Catia Expert,Germany
Mechatronics Design,3D/Catia Expert,United States of America
Mechatronics Design,3D/Catia Expert,United States of America
Mechatronics Design,3D/Catia Expert,Romania
Mechatronics Design,3D/Catia Expert,Romania
Mechatronics Technician,Electrical Harness Design,Italy
Mechatronics Technician,Electrical Harness Design,Italy
Mechatronics Technician,Electrical Harness Design,Sweden
Mechatronics Technician,Electrical Harness Design,Sweden
Mechatronics Technician,Electrical Harness Design,Brazil
Mechatronics Technician,Electrical Harness Design,Brazil
Mechatronics Technician,Electrical Harness Design,Germany
Mechatronics Technician,Electrical Harness Design,Germany
Mechatronics Technician,Electrical Harness Design,United States of America
Mechatronics Technician,Electrical Harness Design,United States of America
Mechatronics Technician,Electrical Harness Design,Romania
Mechatronics Technician,Electrical Harness Design,Romania
UI/UX Design,Senior UX Designer ,United States of America
UI/UX Design,Senior UX Designer ,United States of America
IT Infrastructure Engineering,Senior Network Engineer,United States of America
IT Infrastructure Engineering,Senior Network Engineer,United States of America
IT Infrastructure Engineering,Senior Network Engineer,Mexico
IT Infrastructure Engineering,Senior Network Engineer,Mexico
IT Infrastructure Engineering,Senior Network Engineer,Mexico
IT Infrastructure Engineering,Senior Network Engineer,Mexico
Domain Specific Languages,Software Developer,United States of America
Domain Specific Languages,Software Developer,United States of America
Solution/Integration Architecture,AI Technical Lead,United Kingdom of Great Britain and Northern Ireland
Solution/Integration Architecture,AI Technical Lead,United Kingdom of Great Britain and Northern Ireland
Java Full Stack,Full Stack Java Web Developer,United States of America
Java Full Stack,Full Stack Java Web Developer,United States of America
Java Full Stack,Full stack / Front-end developer - Scala / Java,Poland
Java Full Stack,Full stack / Front-end developer - Scala / Java,Poland
Technical Project Management,Senior Project Manager,Malaysia
Technical Project Management,Senior Project Manager,Malaysia
Java Full Stack,Full Stack Developer,Viet Nam
Java Full Stack,Full Stack Developer,Viet Nam
Java Full Stack,Full Stack Developer,Egypt
Java Full Stack,Full Stack Developer,Egypt
Java Full Stack,Full Stack Developer,Malaysia
Java Full Stack,Full Stack Developer,Malaysia
Java Full Stack,Full Stack Developer,Malaysia
Java Full Stack,Full Stack Developer,Malaysia
Temenos,Temenos Lead Business Analyst,India
Temenos,Temenos Lead Business Analyst,India
Data Modeling,Senior Data Engineer ,India
Data Modeling,Senior Data Engineer ,India
Data Modeling,Senior Data Engineer ,India
Data Modeling,Senior Data Engineer ,India
Python,Senior Python Developer with Tableau,India
Python,Senior Python Developer with Tableau,India
Python,Senior Python Developer with Tableau,India
Python,Senior Python Developer with Tableau,India
Python,Senior Python Developer with Tableau,India
Python,Senior Python Developer with Tableau,India
AI/ML,AI engineer with Agentic experience,United Kingdom of Great Britain and Northern Ireland
AI/ML,AI engineer with Agentic experience,United Kingdom of Great Britain and Northern Ireland
Data Platform Engineering,Senior GCP Data Engineer,Romania
Data Platform Engineering,Senior GCP Data Engineer,Romania
Java,Senior Java Developer,Poland
Java,Senior Java Developer,Poland
Java,Senior Java Developer,Poland
Java,Senior Java Developer,Poland
Java,Senior Java Developer,Ukraine
Java,Senior Java Developer,Ukraine
Java,Senior Java Developer,Poland
Java,Senior Java Developer,Poland
Business Analysis,Senior Business Functional Analyst,Romania
Business Analysis,Senior Business Functional Analyst,Romania
C/C++,C++ Developer with background in physics,Ukraine
C/C++,C++ Developer with background in physics,Ukraine
C/C++,C++ Developer with background in physics,Serbia
C/C++,C++ Developer with background in physics,Serbia
C/C++,C++ Developer with background in physics,Romania
C/C++,C++ Developer with background in physics,Romania
C/C++,C++ Developer with background in physics,Bulgaria
C/C++,C++ Developer with background in physics,Bulgaria
Automated Testing Java,Junior-Regular Automation QA Engineer,India
Automated Testing Java,Junior-Regular Automation QA Engineer,India
Sales Professional,Sales - Engineering Services,Switzerland
Sales Professional,Sales - Engineering Services,Switzerland
Sales Professional,Sales - Engineering Services,Netherlands
Sales Professional,Sales - Engineering Services,Netherlands
Sales Professional,Sales - Engineering Services,Germany
Sales Professional,Sales - Engineering Services,Germany
"Other Vendor specific (Quantum, Coremont etc.)",KDB Developer,India
"Other Vendor specific (Quantum, Coremont etc.)",KDB Developer,India
Delivery Project Management,Relationship Lead,Canada
Delivery Project Management,Relationship Lead,Canada
Delivery Project Management,Relationship Lead,Canada
Delivery Project Management,Relationship Lead,Canada
Delivery Project Management,Project Manager,Canada
Delivery Project Management,Project Manager,Canada
Delivery Project Management,Project Manager,Canada
Delivery Project Management,Project Manager,Canada
UI/UX Design,Senior Designer / Architect,Canada
UI/UX Design,Senior Designer / Architect,Canada
UI/UX Design,Senior Designer / Architect,Canada
UI/UX Design,Senior Designer / Architect,Canada
Business Analysis,Business Analyst / Scrum Master / Tester,Canada
Business Analysis,Business Analyst / Scrum Master / Tester,Canada
Business Analysis,Business Analyst / Scrum Master / Tester,Canada
Business Analysis,Business Analyst / Scrum Master / Tester,Canada
C#/VB.NET,Senior C# Developer ,Canada
C#/VB.NET,Senior C# Developer ,Canada
C#/VB.NET,Senior C# Developer ,Canada
C#/VB.NET,Senior C# Developer ,Canada
Automated Testing Java,Lead QA Engineer,China
Automated Testing Java,Lead QA Engineer,China
Java,Principal Backend Engineer,China
Java,Principal Backend Engineer,China
Python,Principal Backend Engineer (Python),India
Python,Principal Backend Engineer (Python),India
Other System Languages,SAM Pro Consultant,United States of America
Other System Languages,SAM Pro Consultant,United States of America
Other System Languages,SAM Pro Consultant,India
Other System Languages,SAM Pro Consultant,India
Java,Senior Java Developer,Ukraine
Java,Senior Java Developer,Ukraine
Sales Professional,Sales Professional - AEROSPACE,Germany
Sales Professional,Sales Professional - AEROSPACE,Germany
Sales Professional,Sales Professional - AEROSPACE,Germany
Sales Professional,Sales Professional - AEROSPACE,Germany
Sales Professional,Sales Professional - AEROSPACE,Germany
Sales Professional,Sales Professional - AEROSPACE,Germany
Sales Professional,Sales Professional - AEROSPACE,Germany
Sales Professional,Sales Professional - AEROSPACE,Germany
Sales Professional,Sales Professional - TRAIN,Germany
Sales Professional,Sales Professional - TRAIN,Germany
Sales Professional,Sales Professional - TRAIN,Germany
Sales Professional,Sales Professional - TRAIN,Germany
Sales Professional,Sales Professional - TRAIN,Germany
Sales Professional,Sales Professional - TRAIN,Germany
Sales Professional,Sales Professional - TRAIN,Germany
Sales Professional,Sales Professional - TRAIN,Germany
C/C++,.NET and MS Fabric Developer,Mexico
C/C++,.NET and MS Fabric Developer,Mexico
Business Analysis,Business Analyst u2013 Collateral Management,India
Business Analysis,Business Analyst u2013 Collateral Management,India
Automated Testing Others,Senior Automation Tester - Playwright,India
Automated Testing Others,Senior Automation Tester - Playwright,India
C/C++,Engineering - Software Development Engineer ,India
C/C++,Engineering - Software Development Engineer ,India
Manual Testing,Engineering - Verification Engineer,India
Manual Testing,Engineering - Verification Engineer,India
Automated Testing Java,Mobile Test Engineer,India
Automated Testing Java,Mobile Test Engineer,India
Java,Senior Java Developer (with Capital Markets exp.),India
Java,Senior Java Developer (with Capital Markets exp.),India
Java,Senior Java Developer (with Capital Markets exp.),India
Java,Senior Java Developer (with Capital Markets exp.),India
Murex FO,Murex Front Office Consultant,India
Murex FO,Murex Front Office Consultant,India
Calypso,Calypso Developer,India
Calypso,Calypso Developer,India
Java Full Stack,Senior Full stack Developer with AI assisted coding,India
Java Full Stack,Senior Full stack Developer with AI assisted coding,India
Automated Testing Java,Lead Automation Tester (FM/Banking experience),India
Automated Testing Java,Lead Automation Tester (FM/Banking experience),India
DevOps,Senior DevOps Engineer,India
DevOps,Senior DevOps Engineer,India
DevOps,Senior DevOps Engineer,India
DevOps,Senior DevOps Engineer,India
DevOps,Senior DevOps Engineer,India
DevOps,Senior DevOps Engineer,India
Automated Testing Java,Senior Automation Tester (FM/Banking experience),India
Automated Testing Java,Senior Automation Tester (FM/Banking experience),India
Avaloq,Avaloq Developer,United Kingdom of Great Britain and Northern Ireland
Avaloq,Avaloq Developer,United Kingdom of Great Britain and Northern Ireland
Avaloq,Avaloq Developer,India
Avaloq,Avaloq Developer,India
Avaloq,Project Manager,United Kingdom of Great Britain and Northern Ireland
Avaloq,Project Manager,United Kingdom of Great Britain and Northern Ireland
Avaloq,Business Analyst,United Kingdom of Great Britain and Northern Ireland
Avaloq,Business Analyst,United Kingdom of Great Britain and Northern Ireland
DevOps,Senior DevOps with Android pipelines experience,Bulgaria
DevOps,Senior DevOps with Android pipelines experience,Bulgaria
Manual Testing,Engineering - Test Engineer ,India
Manual Testing,Engineering - Test Engineer ,India
Other System Languages,Research & Development Engineer ,India
Other System Languages,Research & Development Engineer ,India
Automated Testing Others,Lead QA Engineer,India
Automated Testing Others,Lead QA Engineer,India
Technical Support (SL3),Senior Storage Systems Engineer,Mexico
Technical Support (SL3),Senior Storage Systems Engineer,Mexico
Technical Support (SL3),Linux Systems Engineer,Mexico
Technical Support (SL3),Linux Systems Engineer,Mexico
"SQL (MySQL, T-SQL, Teradata etc.)",Regular MS SQL Developer,Ukraine
"SQL (MySQL, T-SQL, Teradata etc.)",Regular MS SQL Developer,Ukraine
Java Full Stack,Senior Fullstack Developer (Java & Angular),Romania
Java Full Stack,Senior Fullstack Developer (Java & Angular),Romania
Manual Testing,Experienced Bug Hunter ,Romania
Manual Testing,Experienced Bug Hunter ,Romania
DevOps,Engineering - Automation Engineer ,India
DevOps,Engineering - Automation Engineer ,India
Other System Languages,Software Development Engineer,India
Other System Languages,Software Development Engineer,India
Java Full Stack,Senior Full Stack Developer,India
Java Full Stack,Senior Full Stack Developer,India
Business Analysis,Business Analyst - Data Products,India
Business Analysis,Business Analyst - Data Products,India
DevOps,Senior DevOps Engineer - GitHub Automation & PCF Deployment,India
DevOps,Senior DevOps Engineer - GitHub Automation & PCF Deployment,India
DevOps,Senior DevOps Engineer - GitHub Automation & PCF Deployment,India
DevOps,Senior DevOps Engineer - GitHub Automation & PCF Deployment,India
DevOps,Senior DevOps Engineer - GitHub Automation & PCF Deployment,India
DevOps,Senior DevOps Engineer - GitHub Automation & PCF Deployment,India
Software/System Architecture,Software Architect,India
Software/System Architecture,Software Architect,India
Automated Testing Python,Cybersecurity Test Engineer,India
Automated Testing Python,Cybersecurity Test Engineer,India
Other System Languages,Senior Systems Engineer,India
Other System Languages,Senior Systems Engineer,India
Avaloq,Senior Avaloq Developer,India
Avaloq,Senior Avaloq Developer,India
Avaloq,Senior Avaloq Developer,India
Avaloq,Senior Avaloq Developer,India
Avaloq,Senior Avaloq Developer,India
Avaloq,Senior Avaloq Developer,India
Avaloq,Senior Avaloq Developer,India
Avaloq,Senior Avaloq Developer,India
Murex Testing,Murex Techno Functional Tester,India
Murex Testing,Murex Techno Functional Tester,India
Delivery Project Management,Technical Delivery Manager (with strong Python),Singapore
Delivery Project Management,Technical Delivery Manager (with strong Python),Singapore
Manual Testing,Environmental Test Engineer Resident,Czechia
Manual Testing,Environmental Test Engineer Resident,Czechia
Python,Senior Backend Python Developer,India
Python,Senior Backend Python Developer,India
Business Analysis,Senior Data Analyst,United States of America
Business Analysis,Senior Data Analyst,United States of America
Business Analysis,Senior Data Analyst,Poland
Business Analysis,Senior Data Analyst,Poland
Business Analysis,Senior Data Analyst,Canada
Business Analysis,Senior Data Analyst,Canada
DevOps,Senior DevOps Engineer (Cloud & Terraform),Romania
DevOps,Senior DevOps Engineer (Cloud & Terraform),Romania
Temenos,Temenos - Infrastructure Lead,India
Temenos,Temenos - Infrastructure Lead,India
Temenos,Temenos - Infrastructure Lead,India
Temenos,Temenos - Infrastructure Lead,India
"Other Vendor specific (Quantum, Coremont etc.)",KDB Developer,India
"Other Vendor specific (Quantum, Coremont etc.)",KDB Developer,India
Business Analysis,Business Analyst,India
Business Analysis,Business Analyst,India
Mechatronics Technician,Mechatronic Technician,United Kingdom of Great Britain and Northern Ireland
Mechatronics Technician,Mechatronic Technician,United Kingdom of Great Britain and Northern Ireland
DWH Development,Senior Data Engineer,Ukraine
DWH Development,Senior Data Engineer,Ukraine
DWH Development,Senior Data Engineer,Serbia
DWH Development,Senior Data Engineer,Serbia
DWH Development,Senior Data Engineer,Poland
DWH Development,Senior Data Engineer,Poland
DWH Development,Senior Data Engineer,Mexico
DWH Development,Senior Data Engineer,Mexico
DWH Development,Senior Data Engineer,Brazil
DWH Development,Senior Data Engineer,Brazil
DWH Development,Senior Data Engineer,Argentina
DWH Development,Senior Data Engineer,Argentina
Integration Engineering,Patient Accounting Analyst,India
Integration Engineering,Patient Accounting Analyst,India
Murex Others,Senior Quantitative Analyst - Risk Management (Murex & Model Validation),Singapore
Murex Others,Senior Quantitative Analyst - Risk Management (Murex & Model Validation),Singapore
3D Artist,Unreal Engine Generalist,Poland
3D Artist,Unreal Engine Generalist,Poland
AI/ML,ML Engineer,Poland
AI/ML,ML Engineer,Poland
Business Analysis,Business Analyst - Credit Risk,India
Business Analysis,Business Analyst - Credit Risk,India
Business Analysis,Business Analyst - Credit Risk,India
Business Analysis,Business Analyst - Credit Risk,India
Integration Engineering,Automotive Software Integration Engineer/Lead,Viet Nam
Integration Engineering,Automotive Software Integration Engineer/Lead,Viet Nam
C Embedded,Real-Time Developer - Member of Technical Staff,Poland
C Embedded,Real-Time Developer - Member of Technical Staff,Poland
DevOps,Devops Engineer,Singapore
DevOps,Devops Engineer,Singapore
DevOps,Senior Devops Engineer,Singapore
DevOps,Senior Devops Engineer,Singapore
Python,Senior Python Developer,Romania
Python,Senior Python Developer,Romania
Temenos,T24 Developer with Java,India
Temenos,T24 Developer with Java,India
Temenos,T24 Developer with Java,India
Temenos,T24 Developer with Java,India
Java,Microservice Platform Developer,India
Java,Microservice Platform Developer,India
BI Engineering,Senior Data/BI Developer,Ukraine
BI Engineering,Senior Data/BI Developer,Ukraine
Software/System Architecture,Automotive Software Architect,Sweden
Software/System Architecture,Automotive Software Architect,Sweden
Java,Senior Java Developer,Ukraine
Java,Senior Java Developer,Ukraine
Java,Senior Java Developer,Poland
Java,Senior Java Developer,Poland
Java,Senior Java Developer,China
Java,Senior Java Developer,China
Java,Senior Java/Python Backend Developer,Poland
Java,Senior Java/Python Backend Developer,Poland
Java,Senior Java Backend Developer,Poland
Java,Senior Java Backend Developer,Poland
Sales Professional,Sales Executive ,United States of America
Sales Professional,Sales Executive ,United States of America
Java,AI Engineer ,China
Java,AI Engineer ,China
Java,Senior Java Developer,China
Java,Senior Java Developer,China
DevOps,Senior DevOps Engineer,China
DevOps,Senior DevOps Engineer,China
Business Analysis,Business Analyst - Investment Banking Operations,India
Business Analysis,Business Analyst - Investment Banking Operations,India
Business Analysis,Business Analyst - Investment Banking Operations,India
Business Analysis,Business Analyst - Investment Banking Operations,India
Automated Testing Java,Senior Tester - FM Products,India
Automated Testing Java,Senior Tester - FM Products,India
Murex Others,Senior Murex Collateral System Analyst,Singapore
Murex Others,Senior Murex Collateral System Analyst,Singapore
Murex Others,Lead Murex Collateral System Analyst,Singapore
Murex Others,Lead Murex Collateral System Analyst,Singapore
Business Analysis,Treasury Back Office Consultant,United Arab Emirates
Business Analysis,Treasury Back Office Consultant,United Arab Emirates
Python,Python Developer with Java,Singapore
Python,Python Developer with Java,Singapore
Software/System Architecture,Engineering Lead,Ukraine
Software/System Architecture,Engineering Lead,Ukraine
Java,Java Developer u2013 CICS Liberty / Mainframe Integration,India
Java,Java Developer u2013 CICS Liberty / Mainframe Integration,India
Java,Java Developer u2013 CICS Liberty / Mainframe Integration,India
Java,Java Developer u2013 CICS Liberty / Mainframe Integration,India
Java,Java Developer u2013 CICS Liberty / Mainframe Integration,India
Java,Java Developer u2013 CICS Liberty / Mainframe Integration,India
Murex Testing,Murex Techno Functional Tester,India
Murex Testing,Murex Techno Functional Tester,India
"Other Vendor specific (Quantum, Coremont etc.)",PCC Technology Lead,India
"Other Vendor specific (Quantum, Coremont etc.)",PCC Technology Lead,India
Automated Testing Others,Automation QA Engineer with Java or Python,India
Automated Testing Others,Automation QA Engineer with Java or Python,India
Murex ECM,Murex Technical Consultant,Singapore
Murex ECM,Murex Technical Consultant,Singapore
Java,Senior Java Developer,Romania
Java,Senior Java Developer,Romania
Front-end React,Senior React Developer,Romania
Front-end React,Senior React Developer,Romania
Automated Testing Java,Senior QA Automation Engineer,Romania
Automated Testing Java,Senior QA Automation Engineer,Romania
Front-end React,Senior Front-End Developer,Poland
Front-end React,Senior Front-End Developer,Poland
Front-end React,Senior Front-End Developer,Poland
Front-end React,Senior Front-End Developer,Poland
Front-end React,Senior Front-End Developer,Ukraine
Front-end React,Senior Front-End Developer,Ukraine
Front-end React,Senior Front-End Developer,Serbia
Front-end React,Senior Front-End Developer,Serbia
Front-end React,Senior Front-End Developer,Poland
Front-end React,Senior Front-End Developer,Poland
Front-end React,Senior Front-End Developer,Canada
Front-end React,Senior Front-End Developer,Canada
Front-end React,Senior Front-End Developer,Poland
Front-end React,Senior Front-End Developer,Poland
Front-end React,Senior Front-End Developer,Poland
Front-end React,Senior Front-End Developer,Poland
Front-end React,Senior Front-End Developer,Serbia
Front-end React,Senior Front-End Developer,Serbia
UI/UX Design,Senior UI/UX Designer (Banking),Ukraine
UI/UX Design,Senior UI/UX Designer (Banking),Ukraine
C/C++,Senior C++ developer,Malaysia
C/C++,Senior C++ developer,Malaysia
C/C++,Senior C++ developer,Serbia
C/C++,Senior C++ developer,Serbia
"Other Vendor specific (Quantum, Coremont etc.)",Senior Xceptor Developer,India
"Other Vendor specific (Quantum, Coremont etc.)",Senior Xceptor Developer,India
AI/ML,Azure AI Data Engineer,India
AI/ML,Azure AI Data Engineer,India
Java,Senior Java Developer,Romania
Java,Senior Java Developer,Romania
Java,Senior Java Developer,Romania
Java,Senior Java Developer,Romania
Automated Testing Java,QA Automation Engineer,Romania
Automated Testing Java,QA Automation Engineer,Romania
Sales Professional,Sales Executive ,United Kingdom of Great Britain and Northern Ireland
Sales Professional,Sales Executive ,United Kingdom of Great Britain and Northern Ireland
Sales Professional,Sales Executive,Germany
Sales Professional,Sales Executive,Germany
Hogan,Senior Hogan CIS Developer,United States of America
Hogan,Senior Hogan CIS Developer,United States of America
IT Infrastructure Engineering,Infra Specialist,India
IT Infrastructure Engineering,Infra Specialist,India
Technical Support (SL2),Change & Release Management Engineer ,India
Technical Support (SL2),Change & Release Management Engineer ,India
Technical Support (SL2),Change & Release Management Engineer ,India
Technical Support (SL2),Change & Release Management Engineer ,India
Temenos,Temenos TAP (Triple 'A' Plus) Developer,India
Temenos,Temenos TAP (Triple 'A' Plus) Developer,India
AI/ML,Senior Deep Learning Engineer,Poland
AI/ML,Senior Deep Learning Engineer,Poland
Manual Testing,Regular Test Engineer (Environmental Validation),United States of America
Manual Testing,Regular Test Engineer (Environmental Validation),United States of America
Python,Senior SW Engineer (Backend - events),Poland
Python,Senior SW Engineer (Backend - events),Poland
Python,Senior Backend Engineer (Cloud),Poland
Python,Senior Backend Engineer (Cloud),Poland
C Embedded,"Senior Middleware Engineer (Linux, C++)",Poland
C Embedded,"Senior Middleware Engineer (Linux, C++)",Poland
Hogan,Hogan Solution Architect,Anywhere
Hogan,Hogan Solution Architect,Anywhere
Business Analysis,Front Office Business Analyst,United Kingdom of Great Britain and Northern Ireland
Business Analysis,Front Office Business Analyst,United Kingdom of Great Britain and Northern Ireland
Software/System Architecture,Solution Architect,India
Software/System Architecture,Solution Architect,India
Software/System Architecture,Solution Architect,India
Software/System Architecture,Solution Architect,India
Software/System Architecture,Solution Architect,India
Software/System Architecture,Solution Architect,India
Java Full Stack,Senior Full Stack Developer AI-Assisted,Switzerland
Java Full Stack,Senior Full Stack Developer AI-Assisted,Switzerland
AI/ML,Senior AI Platform Engineer,Canada
AI/ML,Senior AI Platform Engineer,Canada
AI/ML,Senior AI Platform Engineer,United States of America
AI/ML,Senior AI Platform Engineer,United States of America
