Python,Senior Backend Python Developer,India
Python,Senior Backend Python Developer,India
Technical Support (SL3),Lead Site Reliability Engineer,United States of America
Technical Support (SL3),Lead Site Reliability Engineer,United States of America
Technical Support (SL3),Lead Site Reliability Engineer,United States of America
Technical Support (SL3),Lead Site Reliability Engineer,United States of America
Technical Support (SL3),Lead Site Reliability Engineer,United States of America
Technical Support (SL3),Lead Site Reliability Engineer,United States of America
Scrum Master,Project Manager/Scum Master,United Arab Emirates
Scrum Master,Project Manager/Scum Master,United Arab Emirates
Business Analysis,Senior Data Analyst,United States of America
Business Analysis,Senior Data Analyst,United States of America
Business Analysis,Senior Data Analyst,Poland
Business Analysis,Senior Data Analyst,Poland
Business Analysis,Senior Data Analyst,Canada
Business Analysis,Senior Data Analyst,Canada
DevOps,Senior DevOps Engineer (Cloud & Terraform),Romania
DevOps,Senior DevOps Engineer (Cloud & Terraform),Romania
Python,Lead Python Engineer (Risk),United Kingdom of Great Britain and Northern Ireland
Python,Lead Python Engineer (Risk),United Kingdom of Great Britain and Northern Ireland
C/C++,SeniorFPGA Developer,India
C/C++,SeniorFPGA Developer,India
C/C++,SeniorFPGA Developer,Anywhere
C/C++,SeniorFPGA Developer,Anywhere
Java Full Stack,Senior Fullstack Java Engineer,India
Java Full Stack,Senior Fullstack Java Engineer,India
Java Full Stack,Senior Fullstack Java Engineer,India
Java Full Stack,Senior Fullstack Java Engineer,India
Temenos,Temenos - Infrastructure Lead,India
Temenos,Temenos - Infrastructure Lead,India
Temenos,Temenos - Infrastructure Lead,India
Temenos,Temenos - Infrastructure Lead,India
DevOps,Senior DevOps Engineer ,India
DevOps,Senior DevOps Engineer ,India
DevOps,Senior DevOps Engineer,India
DevOps,Senior DevOps Engineer,India
Other Scripting Languages,KDB Developer,India
Other Scripting Languages,KDB Developer,India
Other Scripting Languages,KDB Developer,India
Other Scripting Languages,KDB Developer,India
Business Analysis,Business Analyst,India
Business Analysis,Business Analyst,India
Orchestrade,Functional Solution Architect,Switzerland
Orchestrade,Functional Solution Architect,Switzerland
Orchestrade,Functional Solution Architect,Anywhere
Orchestrade,Functional Solution Architect,Anywhere
Mechatronics Technician,Mechatronic Technician,United Kingdom of Great Britain and Northern Ireland
Mechatronics Technician,Mechatronic Technician,United Kingdom of Great Britain and Northern Ireland
Information Governance (Platform),AI & Platform Software Engineer,United States of America
Information Governance (Platform),AI & Platform Software Engineer,United States of America
Information Governance (Platform),AI & Platform Software Engineer,United States of America
Information Governance (Platform),AI & Platform Software Engineer,United States of America
Information Governance (Platform),AI & Platform Software Engineer,United States of America
Information Governance (Platform),AI & Platform Software Engineer,United States of America
DWH Development,Senior Data Engineer,Ukraine
DWH Development,Senior Data Engineer,Ukraine
DWH Development,Senior Data Engineer,Serbia
DWH Development,Senior Data Engineer,Serbia
DWH Development,Senior Data Engineer,Poland
DWH Development,Senior Data Engineer,Poland
DWH Development,Senior Data Engineer,Mexico
DWH Development,Senior Data Engineer,Mexico
DWH Development,Senior Data Engineer,Brazil
DWH Development,Senior Data Engineer,Brazil
DWH Development,Senior Data Engineer,Argentina
DWH Development,Senior Data Engineer,Argentina
Integration Engineering,Patient Accounting Analyst,India
Integration Engineering,Patient Accounting Analyst,India
BigData Development,Senior Data Engineer,India
BigData Development,Senior Data Engineer,India
Business Analysis,Business Analyst - FM domain ,China
Business Analysis,Business Analyst - FM domain ,China
Murex Others,Senior Quantitative Analyst - Risk Management (Murex & Model Validation),Singapore
Murex Others,Senior Quantitative Analyst - Risk Management (Murex & Model Validation),Singapore
IT Infrastructure Engineering,CI/CD Engineer - Senior Engineer,Poland
IT Infrastructure Engineering,CI/CD Engineer - Senior Engineer,Poland
C Embedded,Real-Time Developer - Senior Member of Technical Staff (SMTS),Poland
C Embedded,Real-Time Developer - Senior Member of Technical Staff (SMTS),Poland
C Embedded,Real-Time Developer - Senior Member of Technical Staff (SMTS),Serbia
C Embedded,Real-Time Developer - Senior Member of Technical Staff (SMTS),Serbia
AI/ML,"ML Engineer, Model Training - Senior Member of Technical Staff (SMTS)",Poland
AI/ML,"ML Engineer, Model Training - Senior Member of Technical Staff (SMTS)",Poland
AI/ML,ML Engineer,Poland
AI/ML,ML Engineer,Poland
Business Analysis,Business Analyst - Credit Risk,India
Business Analysis,Business Analyst - Credit Risk,India
Business Analysis,Business Analyst - Credit Risk,India
Business Analysis,Business Analyst - Credit Risk,India
Integration Engineering,Automotive Software Integration Engineer/Lead,Viet Nam
Integration Engineering,Automotive Software Integration Engineer/Lead,Viet Nam
C Embedded,Real-Time Developer - Member of Technical Staff (MTS),Poland
C Embedded,Real-Time Developer - Member of Technical Staff (MTS),Poland
C Embedded,Real-Time Developer - Member of Technical Staff (MTS),Serbia
C Embedded,Real-Time Developer - Member of Technical Staff (MTS),Serbia
DevOps,Devops Engineer,Singapore
DevOps,Devops Engineer,Singapore
Murex ECM,Murex Environment Management Consultant,Singapore
Murex ECM,Murex Environment Management Consultant,Singapore
DevOps,Senior Devops Engineer,Singapore
DevOps,Senior Devops Engineer,Singapore
"Other Vendor specific (Quantum, Coremont etc.)",Senior TLM Consultant,Singapore
"Other Vendor specific (Quantum, Coremont etc.)",Senior TLM Consultant,Singapore
Murex Datamart,Murex Datamart Reporting Consultant,Singapore
Murex Datamart,Murex Datamart Reporting Consultant,Singapore
Murex MxML,Senior MxML Developer,Singapore
Murex MxML,Senior MxML Developer,Singapore
Python,Senior Python Developer,Romania
Python,Senior Python Developer,Romania
DevOps,Senior L3 Support Engineer,Romania
DevOps,Senior L3 Support Engineer,Romania
Temenos,T24 Developer with Java,India
Temenos,T24 Developer with Java,India
Temenos,T24 Developer with Java,India
Temenos,T24 Developer with Java,India
Java,Microservice Platform Developer,India
Java,Microservice Platform Developer,India
Loan IQ,Loan IQ Consultant,India
Loan IQ,Loan IQ Consultant,India
DevOps,Lead DevOps Engineer,India
DevOps,Lead DevOps Engineer,India
Murex Others,Murex Configuration and Release Manager,Canada
Murex Others,Murex Configuration and Release Manager,Canada
Murex Others,Murex Operating Model Lead,United States of America
Murex Others,Murex Operating Model Lead,United States of America
Scala,Market Risk Scala Developer,Poland
Scala,Market Risk Scala Developer,Poland
Scala,Market Risk Scala Developer,Anywhere
Scala,Market Risk Scala Developer,Anywhere
Front-end Angular,Senior Front End Developer (Angular),Romania
Front-end Angular,Senior Front End Developer (Angular),Romania
Murex ECM,Murex Technical Expert,Poland
Murex ECM,Murex Technical Expert,Poland
C#/VB.NET,Principal Full-Stack Architect (.NET & Cloud),United Arab Emirates
C#/VB.NET,Principal Full-Stack Architect (.NET & Cloud),United Arab Emirates
Automated Testing Java,Senior RPA & Test Automation Engineer,Romania
Automated Testing Java,Senior RPA & Test Automation Engineer,Romania
Business Analysis,Senior Business Analyst,Canada
Business Analysis,Senior Business Analyst,Canada
Java Full Stack,Senior Full Stack Developer,Canada
Java Full Stack,Senior Full Stack Developer,Canada
Business Analysis,BA/PM in Post Trade Space,Canada
Business Analysis,BA/PM in Post Trade Space,Canada
Automated Testing Python,Senior QA Automation Engineer,Canada
Automated Testing Python,Senior QA Automation Engineer,Canada
Manual Testing,In-Vehicle Test Engineer,Germany
Manual Testing,In-Vehicle Test Engineer,Germany
Manual Testing,In-Vehicle Test Engineer,Germany
Manual Testing,In-Vehicle Test Engineer,Germany
Avaloq,Tax &amp; Capital Gains Specialist (CGCalc / CGiX),United Kingdom of Great Britain and Northern Ireland
Avaloq,Tax &amp; Capital Gains Specialist (CGCalc / CGiX),United Kingdom of Great Britain and Northern Ireland
Avaloq,Tax &amp; Capital Gains Specialist (CGCalc / CGiX),Switzerland
Avaloq,Tax &amp; Capital Gains Specialist (CGCalc / CGiX),Switzerland
Java,Senior Java Backend Engineer (Contact Center),Romania
Java,Senior Java Backend Engineer (Contact Center),Romania
C Embedded,Senior Software Engineer with Networking,Romania
C Embedded,Senior Software Engineer with Networking,Romania
Front-end React,Senior Application Support Engineer (React),Malaysia
Front-end React,Senior Application Support Engineer (React),Malaysia
JavaScript,Zendesk Architect,Poland
JavaScript,Zendesk Architect,Poland
C Embedded,GPU Software Engineer (HPC / Deep Learning Optimization),Serbia
C Embedded,GPU Software Engineer (HPC / Deep Learning Optimization),Serbia
C Embedded,GPU Software Engineer (HPC / Deep Learning Optimization),Poland
C Embedded,GPU Software Engineer (HPC / Deep Learning Optimization),Poland
Calypso,Calypso Business Analyst,United States of America
Calypso,Calypso Business Analyst,United States of America
Calypso,Senior Software Engineer,United States of America
Calypso,Senior Software Engineer,United States of America
Business Analysis,Senior Business Analyst - Digital Banking,India
Business Analysis,Senior Business Analyst - Digital Banking,India
AI/ML,Senior AI/ML Engineer - Communication Surveillance,India
AI/ML,Senior AI/ML Engineer - Communication Surveillance,India
Software/System Architecture,Technical Architect & Engineering Lead,United Arab Emirates
Software/System Architecture,Technical Architect & Engineering Lead,United Arab Emirates
Solution/Integration Architecture,Senior Solution Architect,United Arab Emirates
Solution/Integration Architecture,Senior Solution Architect,United Arab Emirates
Java,Senior Java Developer with DevOps skills,Poland
Java,Senior Java Developer with DevOps skills,Poland
Java,Software Developer (Java and C++),Poland
Java,Software Developer (Java and C++),Poland
Java,Software Developer (Java and C++),Anywhere
Java,Software Developer (Java and C++),Anywhere
Python,Senior Data Engineer / Analyst,Romania
Python,Senior Data Engineer / Analyst,Romania
BigData Development,Senior Data Engineer,Poland
BigData Development,Senior Data Engineer,Poland
AI/ML,Semantic AI/ML Architect,United Kingdom of Great Britain and Northern Ireland
AI/ML,Semantic AI/ML Architect,United Kingdom of Great Britain and Northern Ireland
Java Full Stack,Senior Java Developer,Poland
Java Full Stack,Senior Java Developer,Poland
Manual Testing, Test Specifications Engineer,Romania
Manual Testing, Test Specifications Engineer,Romania
Other Packaged Software,SAS Developer,Malaysia
Other Packaged Software,SAS Developer,Malaysia
Other Consulting,Finance/Financial Crime Tech SME,India
Other Consulting,Finance/Financial Crime Tech SME,India
Other Consulting,Finance/Financial Crime Tech SME,India
Other Consulting,Finance/Financial Crime Tech SME,India
Python,Senior Python Fullstack Software Engineer with React,Poland
Python,Senior Python Fullstack Software Engineer with React,Poland
Python,Senior Python Fullstack Software Engineer with React,Poland
Python,Senior Python Fullstack Software Engineer with React,Poland
Automated Testing Java,Software Developer Engineer in Test,Ukraine
Automated Testing Java,Software Developer Engineer in Test,Ukraine
Automated Testing Python,Connectivity Test Engineer,Sweden
Automated Testing Python,Connectivity Test Engineer,Sweden
C/C++,ADAS Software Developer,Sweden
C/C++,ADAS Software Developer,Sweden
Requirements Engineering,System & Feature Engineer ADAS,Sweden
Requirements Engineering,System & Feature Engineer ADAS,Sweden
Product Owner,Tech Lead Engineer - Connectivity / Infotainment,Sweden
Product Owner,Tech Lead Engineer - Connectivity / Infotainment,Sweden
Mechatronics Technician,Regular Rigs and Test Capabilities Engineer,Sweden
Mechatronics Technician,Regular Rigs and Test Capabilities Engineer,Sweden
DevOps,Configuration Management Engineer,Sweden
DevOps,Configuration Management Engineer,Sweden
C/C++,Regular Software Developer,Sweden
C/C++,Regular Software Developer,Sweden
Java,Java Backend Engineer (Cloud & Eventu2011Driven Systems),Sweden
Java,Java Backend Engineer (Cloud & Eventu2011Driven Systems),Sweden
MATLAB/Simulink,Hardware-in-the-Loop Developer,Sweden
MATLAB/Simulink,Hardware-in-the-Loop Developer,Sweden
Go,Regular GOLANG Software Developer Cloud Native,Sweden
Go,Regular GOLANG Software Developer Cloud Native,Sweden
Technical Project Management,SW Project Manager,Sweden
Technical Project Management,SW Project Manager,Sweden
Automated Testing Python,QA Automation Python,Sweden
Automated Testing Python,QA Automation Python,Sweden
Python,Data Pipeline Development Engineer,Sweden
Python,Data Pipeline Development Engineer,Sweden
Cybersecurity,Automotive Cybersecurity SW Development Engineer,Sweden
Cybersecurity,Automotive Cybersecurity SW Development Engineer,Sweden
C/C++ AUTOSAR,Embedded AUTOSAR Developer,Sweden
C/C++ AUTOSAR,Embedded AUTOSAR Developer,Sweden
C#/VB.NET,Cloud Developer AWS .Net/C#,Sweden
C#/VB.NET,Cloud Developer AWS .Net/C#,Sweden
DevOps,Regular DevOps Engineer,Sweden
DevOps,Regular DevOps Engineer,Sweden
Automated Testing Python,Regular QA Automation - Infotainment,Sweden
Automated Testing Python,Regular QA Automation - Infotainment,Sweden
Mechatronics Technician,Maintenance Test Engineer and Fault expert,Sweden
Mechatronics Technician,Maintenance Test Engineer and Fault expert,Sweden
DevOps,"Regular CI CD Operations, scripting",Sweden
DevOps,"Regular CI CD Operations, scripting",Sweden
Android,Regular/Senior Android Applications Developer,Sweden
Android,Regular/Senior Android Applications Developer,Sweden
Front-end React,Front-end Developer (Node.js + React),Sweden
Front-end React,Front-end Developer (Node.js + React),Sweden
DevOps,Senior DevOps CI Infrastructure,Sweden
DevOps,Senior DevOps CI Infrastructure,Sweden
C/C++,Embedded Software Engineer,Sweden
C/C++,Embedded Software Engineer,Sweden
Business Analysis,Security Technical Business Analyst,India
Business Analysis,Security Technical Business Analyst,India
C/C++,Senior C++ Engineer ,Netherlands
C/C++,Senior C++ Engineer ,Netherlands
System Administration,[Inditex] Application Configuration & Testing Engineer (with Spanish),Netherlands
System Administration,[Inditex] Application Configuration & Testing Engineer (with Spanish),Netherlands
Murex ECM,Production Support Lead,Singapore
Murex ECM,Production Support Lead,Singapore
Murex Datamart,Senior Murex Datamart Consultant,India
Murex Datamart,Senior Murex Datamart Consultant,India
Murex Datamart,Senior Murex Datamart Consultant,India
Murex Datamart,Senior Murex Datamart Consultant,India
Business Analysis,Business Analyst - Asset Management,Singapore
Business Analysis,Business Analyst - Asset Management,Singapore
C#/VB.NET,.Net Angular Developer,India
C#/VB.NET,.Net Angular Developer,India
C#/VB.NET,.Net Angular Developer,India
C#/VB.NET,.Net Angular Developer,India
C#/VB.NET,.Net Angular Developer,India
C#/VB.NET,.Net Angular Developer,India
Java,Lead Java Developer,India
Java,Lead Java Developer,India
AI/ML,Data Architect,United Kingdom of Great Britain and Northern Ireland
AI/ML,Data Architect,United Kingdom of Great Britain and Northern Ireland
IT Infrastructure Engineering,SQL DBA Engineer,India
IT Infrastructure Engineering,SQL DBA Engineer,India
Java,Senior Java/Python Backend Developer,Poland
Java,Senior Java/Python Backend Developer,Poland
DevOps,CI/CD Specialist,Mexico
DevOps,CI/CD Specialist,Mexico
Automated Testing Others,Senior Validation test engineer with CI/CD knowledge,Egypt
Automated Testing Others,Senior Validation test engineer with CI/CD knowledge,Egypt
Hogan,Senior Hogan IDS Developer,United States of America
Hogan,Senior Hogan IDS Developer,United States of America
Hogan,Senior Hogan IDS Developer,United Kingdom of Great Britain and Northern Ireland
Hogan,Senior Hogan IDS Developer,United Kingdom of Great Britain and Northern Ireland
Java,Senior Java Backend Developer,Poland
Java,Senior Java Backend Developer,Poland
C/C++,Software Developer 2d/3d - Senior,India
C/C++,Software Developer 2d/3d - Senior,India
C/C++,Software Developer 2d/3d - Senior,India
C/C++,Software Developer 2d/3d - Senior,India
C/C++,Software Developer 2d/3d - Senior,India
C/C++,Software Developer 2d/3d - Senior,India
C/C++,Software Developer 2d/3d - Senior,India
C/C++,Software Developer 2d/3d - Senior,India
DevOps,Cloud Platform Engineer (Agentic AI),India
DevOps,Cloud Platform Engineer (Agentic AI),India
Data Architecture,Data Warehouse SME,Poland
Data Architecture,Data Warehouse SME,Poland
Murex FO,Murex Trading FO,Canada
Murex FO,Murex Trading FO,Canada
Murex FO,Murex Trading FO,Brazil
Murex FO,Murex Trading FO,Brazil
Murex FO,Murex Trading FO,Mexico
Murex FO,Murex Trading FO,Mexico
Temenos,Senior Automation Tester (T24 Securities module),India
Temenos,Senior Automation Tester (T24 Securities module),India
Other Packaged Software,Senior SAS Technology Developer,Malaysia
Other Packaged Software,Senior SAS Technology Developer,Malaysia
Temenos,Temenos Senior Tester,India
Temenos,Temenos Senior Tester,India
Murex ERM,Murex Market Risk Developer,Malaysia
Murex ERM,Murex Market Risk Developer,Malaysia
UI/UX Design,Design Systems Lead (COMET),Poland
UI/UX Design,Design Systems Lead (COMET),Poland
UI/UX Design,Design Systems Lead (COMET),Poland
UI/UX Design,Design Systems Lead (COMET),Poland
UI/UX Design,Design Systems Lead (COMET),Poland
UI/UX Design,Design Systems Lead (COMET),Poland
UI/UX Design,Design Systems Lead (COMET),Poland
UI/UX Design,Design Systems Lead (COMET),Poland
DevOps,Lead DevOps,Ukraine
DevOps,Lead DevOps,Ukraine
DevOps,Lead DevOps,Spain
DevOps,Lead DevOps,Spain
DevOps,Lead DevOps,Serbia
DevOps,Lead DevOps,Serbia
DevOps,Lead DevOps,Argentina
DevOps,Lead DevOps,Argentina
"SQL (MySQL, T-SQL, Teradata etc.)",Engineer for API/EKS Containerization/MCP,United Kingdom of Great Britain and Northern Ireland
"SQL (MySQL, T-SQL, Teradata etc.)",Engineer for API/EKS Containerization/MCP,United Kingdom of Great Britain and Northern Ireland
"SQL (MySQL, T-SQL, Teradata etc.)",Engineer for API/EKS Containerization/MCP,Romania
"SQL (MySQL, T-SQL, Teradata etc.)",Engineer for API/EKS Containerization/MCP,Romania
Technical Project Management,Project Manager - Treasury,India
Technical Project Management,Project Manager - Treasury,India
Technical Project Management,Project Manager - Treasury,India
Technical Project Management,Project Manager - Treasury,India
IT Infrastructure Engineering,Desktop Engineer/Architect,Romania
IT Infrastructure Engineering,Desktop Engineer/Architect,Romania
DevOps,"Senior DevOps with AWS, Python, Android pipelines experience",Bulgaria
DevOps,"Senior DevOps with AWS, Python, Android pipelines experience",Bulgaria
Functional/System Analysis,Senior System Analyst,Malaysia
Functional/System Analysis,Senior System Analyst,Malaysia
Murex MxML,Murex MxML Developer,India
Murex MxML,Murex MxML Developer,India
Data Platform Engineering,IoT & Edge Computing Engineer,Spain
Data Platform Engineering,IoT & Edge Computing Engineer,Spain
Automated Testing Python,Connectivity Test Engineer,Sweden
Automated Testing Python,Connectivity Test Engineer,Sweden
Automated Testing Python,Connectivity Test Engineer,Poland
Automated Testing Python,Connectivity Test Engineer,Poland
Automated Testing Python,Connectivity Test Engineer,Romania
Automated Testing Python,Connectivity Test Engineer,Romania
"Other Vendor specific (Quantum, Coremont etc.)",Treasury Back Office Tester,India
"Other Vendor specific (Quantum, Coremont etc.)",Treasury Back Office Tester,India
"Other Vendor specific (Quantum, Coremont etc.)",Treasury Back Office Tester,India
"Other Vendor specific (Quantum, Coremont etc.)",Treasury Back Office Tester,India
"Other Vendor specific (Quantum, Coremont etc.)",Treasury Back Office Tester,India
"Other Vendor specific (Quantum, Coremont etc.)",Treasury Back Office Tester,India
"Other Vendor specific (Quantum, Coremont etc.)",Treasury Back Office Tester,India
"Other Vendor specific (Quantum, Coremont etc.)",Treasury Back Office Tester,India
Murex FO,Murex FO Business Analyst,Malaysia
Murex FO,Murex FO Business Analyst,Malaysia
Software/System Architecture,Engineering Lead,Spain
Software/System Architecture,Engineering Lead,Spain
Software/System Architecture,Engineering Lead,Serbia
Software/System Architecture,Engineering Lead,Serbia
Automated Testing Java,Senior QA Automation Engineer,Ukraine
Automated Testing Java,Senior QA Automation Engineer,Ukraine
DWH Development,Senior Snowflake Data Engineer,Poland
DWH Development,Senior Snowflake Data Engineer,Poland
DWH Development,Senior Snowflake Data Engineer,Poland
DWH Development,Senior Snowflake Data Engineer,Poland
DWH Development,Senior Snowflake Data Engineer,Bulgaria
DWH Development,Senior Snowflake Data Engineer,Bulgaria
DWH Development,Senior Snowflake Data Engineer,Ukraine
DWH Development,Senior Snowflake Data Engineer,Ukraine
DWH Development,Senior Snowflake Data Engineer,Poland
DWH Development,Senior Snowflake Data Engineer,Poland
DWH Development,Senior Snowflake Data Engineer,Poland
DWH Development,Senior Snowflake Data Engineer,Poland
Java,Senior Java Backend Developer - Microservices,India
Java,Senior Java Backend Developer - Microservices,India
Java Full Stack,Java FullStack Developer (React),India
Java Full Stack,Java FullStack Developer (React),India
Automated Testing Others,Test Automation Engineer,India
Automated Testing Others,Test Automation Engineer,India
Java Full Stack,Senior Java FullStack Developer with React & Kafka,India
Java Full Stack,Senior Java FullStack Developer with React & Kafka,India
Murex Others,Junior Murex Specialist,Mexico
Murex Others,Junior Murex Specialist,Mexico
DevOps,Cloud Architect,India
DevOps,Cloud Architect,India
DevOps,Cloud Architect,India
DevOps,Cloud Architect,India
DevOps,Cloud Architect,India
DevOps,Cloud Architect,India
DevOps,Cloud Architect,India
DevOps,Cloud Architect,India
DevOps,Cloud Architect,India
DevOps,Cloud Architect,India
DevOps,Cloud Architect,India
DevOps,Cloud Architect,India
DevOps,Cloud Architect,India
DevOps,Cloud Architect,India
DevOps,Cloud Architect,India
DevOps,Cloud Architect,India
DevOps,Senior Cloud Ops Engineer,India
DevOps,Senior Cloud Ops Engineer,India
DevOps,Senior Cloud Ops Engineer,India
DevOps,Senior Cloud Ops Engineer,India
DevOps,Senior Cloud Ops Engineer,India
DevOps,Senior Cloud Ops Engineer,India
DevOps,Senior Cloud Ops Engineer,India
DevOps,Senior Cloud Ops Engineer,India
DevOps,Senior Cloud Ops Engineer,India
DevOps,Senior Cloud Ops Engineer,India
DevOps,Senior Cloud Ops Engineer,India
DevOps,Senior Cloud Ops Engineer,India
DevOps,Senior Cloud Ops Engineer,India
DevOps,Senior Cloud Ops Engineer,India
DevOps,Senior Cloud Ops Engineer,India
DevOps,Senior Cloud Ops Engineer,India
Integration Engineering,Health Information Systems Analyst (Oracle Cerner EHR environment),India
Integration Engineering,Health Information Systems Analyst (Oracle Cerner EHR environment),India
Integration Engineering,Health Information Systems Analyst (Oracle Cerner EHR environment),India
Integration Engineering,Health Information Systems Analyst (Oracle Cerner EHR environment),India
Integration Engineering,Health Information Systems Analyst (Oracle Cerner EHR environment),India
Integration Engineering,Health Information Systems Analyst (Oracle Cerner EHR environment),India
Integration Engineering,Health Information Systems Analyst (Oracle Cerner EHR environment),India
Integration Engineering,Health Information Systems Analyst (Oracle Cerner EHR environment),India
Integration Engineering,Health Information Systems Analyst (Oracle Cerner EHR environment),India
Integration Engineering,Health Information Systems Analyst (Oracle Cerner EHR environment),India
Integration Engineering,Health Information Systems Analyst (Oracle Cerner EHR environment),India
Integration Engineering,Health Information Systems Analyst (Oracle Cerner EHR environment),India
Integration Engineering,Health Information Systems Analyst (Oracle Cerner EHR environment),India
Integration Engineering,Health Information Systems Analyst (Oracle Cerner EHR environment),India
Integration Engineering,Health Information Systems Analyst (Oracle Cerner EHR environment),India
Integration Engineering,Health Information Systems Analyst (Oracle Cerner EHR environment),India
Integration Engineering,Health Information Systems Analyst (Oracle Cerner EHR environment),India
Integration Engineering,Health Information Systems Analyst (Oracle Cerner EHR environment),India
Help Desk Support, IT Systems Management Analyst,United States of America
Help Desk Support, IT Systems Management Analyst,United States of America
Data Architecture,Database Architect,Brazil
Data Architecture,Database Architect,Brazil
Murex ERM,Senior Murex Risk consultant,Anywhere
Murex ERM,Senior Murex Risk consultant,Anywhere
Front-end React,Senior UI  Developer ( React),India
Front-end React,Senior UI  Developer ( React),India
Front-end React,Senior UI  Developer ( React),India
Front-end React,Senior UI  Developer ( React),India
Java,Senior Java Software Engineer,India
Java,Senior Java Software Engineer,India
Java,Senior Java Software Engineer,India
Java,Senior Java Software Engineer,India
Java,Senior Java Software Engineer,India
Java,Senior Java Software Engineer,India
Automated Testing Python,Senior QA Engineer (Automation + Manual + AI),India
Automated Testing Python,Senior QA Engineer (Automation + Manual + AI),India
Automated Testing Python,Senior QA Engineer (Automation + Manual + AI),India
Automated Testing Python,Senior QA Engineer (Automation + Manual + AI),India
IT Infrastructure Engineering,Senior Infrastructure Developer/Engineer,Malaysia
IT Infrastructure Engineering,Senior Infrastructure Developer/Engineer,Malaysia
Loan IQ,Senior LoanIQ Technical Business Analyst,India
Loan IQ,Senior LoanIQ Technical Business Analyst,India
Loan IQ,LoanIQ Technical Business Analyst,India
Loan IQ,LoanIQ Technical Business Analyst,India
Manual Testing,Penetration Tester,Romania
Manual Testing,Penetration Tester,Romania
Axiom,Senior Axiom Developer,India
Axiom,Senior Axiom Developer,India
Axiom,Senior Axiom Developer,India
Axiom,Senior Axiom Developer,India
Axiom,Senior Axiom Developer,India
Axiom,Senior Axiom Developer,India
Axiom,Senior Axiom Developer,India
Axiom,Senior Axiom Developer,India
Axiom,Senior Axiom Developer,India
Axiom,Senior Axiom Developer,India
Business Analysis,Senior LoanIQ Technical BA,United Kingdom of Great Britain and Northern Ireland
Business Analysis,Senior LoanIQ Technical BA,United Kingdom of Great Britain and Northern Ireland
Technical Project Management,Senior PMO,United Kingdom of Great Britain and Northern Ireland
Technical Project Management,Senior PMO,United Kingdom of Great Britain and Northern Ireland
Automated Testing Java,Senior Test Engineer,United States of America
Automated Testing Java,Senior Test Engineer,United States of America
Loan IQ,DevOps Engineer with LoanIQ,India
Loan IQ,DevOps Engineer with LoanIQ,India
Java Full Stack,Java FullStack Developer,India
Java Full Stack,Java FullStack Developer,India
Java Full Stack,Senior Java FullStack Developer ,India
Java Full Stack,Senior Java FullStack Developer ,India
Java Full Stack,Senior Java FullStack Developer,India
Java Full Stack,Senior Java FullStack Developer,India
Java Full Stack,Front-end React Developer,India
Java Full Stack,Front-end React Developer,India
Java Full Stack,Java FullStack Developer (React),India
Java Full Stack,Java FullStack Developer (React),India
Database Administration,Senior Database Engineer (Sybase),India
Database Administration,Senior Database Engineer (Sybase),India
DevOps,Senior DevOps Engineer,India
DevOps,Senior DevOps Engineer,India
Database Administration,Senior Database Engineer (Azure SQL),India
Database Administration,Senior Database Engineer (Azure SQL),India
Product Owner,Product Owner,India
Product Owner,Product Owner,India
Automated Testing Java,QA Test Engineer ,India
Automated Testing Java,QA Test Engineer ,India
Automated Testing Java,QA Test Engineer,India
Automated Testing Java,QA Test Engineer,India
Automated Testing Java,Senior Test Engineer ,India
Automated Testing Java,Senior Test Engineer ,India
"Other Vendor specific (Quantum, Coremont etc.)",Senior Business Analyst - Front Office ,Singapore
"Other Vendor specific (Quantum, Coremont etc.)",Senior Business Analyst - Front Office ,Singapore
AI/ML,AI engineer with Agentic experience,United States of America
AI/ML,AI engineer with Agentic experience,United States of America
Analytics Solution Architecture,Engineering Solution Architect,United Kingdom of Great Britain and Northern Ireland
Analytics Solution Architecture,Engineering Solution Architect,United Kingdom of Great Britain and Northern Ireland
Avaloq,Tax &amp; Capital Gains Specialist (CGCalc/CGiX),India
Avaloq,Tax &amp; Capital Gains Specialist (CGCalc/CGiX),India
Avaloq,Tax &amp; Capital Gains Specialist (CGCalc / CGiX),United Kingdom of Great Britain and Northern Ireland
Avaloq,Tax &amp; Capital Gains Specialist (CGCalc / CGiX),United Kingdom of Great Britain and Northern Ireland
Software - Other,SAP Backend Developer,Romania
Software - Other,SAP Backend Developer,Romania
Software - Other,SAP Backend Developer,Poland
Software - Other,SAP Backend Developer,Poland
Software - Other,SAP Backend Developer,Germany
Software - Other,SAP Backend Developer,Germany
DevOps,Senior DevOps Engineer,Romania
DevOps,Senior DevOps Engineer,Romania
Murex ECM,Murex Production Support Consultant (Front Office),United Kingdom of Great Britain and Northern Ireland
Murex ECM,Murex Production Support Consultant (Front Office),United Kingdom of Great Britain and Northern Ireland
Software - Other,Senior Network Engineer ,India
Software - Other,Senior Network Engineer ,India
Automated Testing Python,QA Engineer - Data Automation (Python & Playwright),India
Automated Testing Python,QA Engineer - Data Automation (Python & Playwright),India
Automated Testing Python,QA Engineer - Data Automation (Python & Playwright),India
Automated Testing Python,QA Engineer - Data Automation (Python & Playwright),India
Automated Testing Python,QA Engineer - Data Automation (Python & Playwright),India
Automated Testing Python,QA Engineer - Data Automation (Python & Playwright),India
Murex MxML,Murex MxML Integration Stream Lead,India
Murex MxML,Murex MxML Integration Stream Lead,India
DevOps,UI DevOps Engineer,Mexico
DevOps,UI DevOps Engineer,Mexico
Hogan,Hogan Solution Architect,Mexico
Hogan,Hogan Solution Architect,Mexico
Cybersecurity,Purple Team Specialist,Romania
Cybersecurity,Purple Team Specialist,Romania
Facilities Operations,Office Manager,Germany
Facilities Operations,Office Manager,Germany
Facilities Operations,Office Manager,Germany
Facilities Operations,Office Manager,Germany
C#/VB.NET,Senior/Lead Full-Stack Developer (.Net+Angular),Brazil
C#/VB.NET,Senior/Lead Full-Stack Developer (.Net+Angular),Brazil
Manual Testing,Test Engineer in Geology Domain,Ukraine
Manual Testing,Test Engineer in Geology Domain,Ukraine
Axiom,Axiom Business Analyst,Anywhere
Axiom,Axiom Business Analyst,Anywhere
Murex MxML,Murex MXML Developer,Singapore
Murex MxML,Murex MXML Developer,Singapore
Technical Support (SL2),Production Support Engineer,Malaysia
Technical Support (SL2),Production Support Engineer,Malaysia
"Other Vendor specific (Quantum, Coremont etc.)",SmartStream TLM Consultant,Singapore
"Other Vendor specific (Quantum, Coremont etc.)",SmartStream TLM Consultant,Singapore
AI/ML,AI Expert / Architect,Germany
AI/ML,AI Expert / Architect,Germany
Java,Junior Java Developer,Romania
Java,Junior Java Developer,Romania
Business Analysis,OTC Derivatives Business Analyst,India
Business Analysis,OTC Derivatives Business Analyst,India
Other System Languages,Test Engineer (Mainframe),Poland
Other System Languages,Test Engineer (Mainframe),Poland
Other Scripting Languages,Senior Flutter Developer,Poland
Other Scripting Languages,Senior Flutter Developer,Poland
Android,Android Software Developer,Egypt
Android,Android Software Developer,Egypt
Murex MxML,Murex MxML Developer,India
Murex MxML,Murex MxML Developer,India
"ETL (Informatica, Ab Initio etc.)",Senior DataStageu202fETL Developer,India
"ETL (Informatica, Ab Initio etc.)",Senior DataStageu202fETL Developer,India
PMA,PMO Coordinator,India
PMA,PMO Coordinator,India
DWH Development,Senior Data Engineer,Ukraine
DWH Development,Senior Data Engineer,Ukraine
DWH Development,Senior Data Engineer,Serbia
DWH Development,Senior Data Engineer,Serbia
DWH Development,Senior Data Engineer,Spain
DWH Development,Senior Data Engineer,Spain
DWH Development,Senior Data Engineer,Portugal
DWH Development,Senior Data Engineer,Portugal
Android,Regular/Senior Android Developer,India
Android,Regular/Senior Android Developer,India
Android,Regular/Senior Android Developer,Egypt
Android,Regular/Senior Android Developer,Egypt
Android,Regular/Senior Android Developer,India
Android,Regular/Senior Android Developer,India
DWH Development,Senior Data Engineer,Poland
DWH Development,Senior Data Engineer,Poland
Murex BO,Murex Back Office Support Consultant,India
Murex BO,Murex Back Office Support Consultant,India
Front-end React,Senior Frontend React Developer ,Ukraine
Front-end React,Senior Frontend React Developer ,Ukraine
Automated Testing Python,Senior QA Automation Engineer ,Canada
Automated Testing Python,Senior QA Automation Engineer ,Canada
Data Science,Hadoop Engineer,Malaysia
Data Science,Hadoop Engineer,Malaysia
Other System Languages,Test Engineer (Mainframe),Bulgaria
Other System Languages,Test Engineer (Mainframe),Bulgaria
Software/System Architecture,Technical Delivery Expert,Egypt
Software/System Architecture,Technical Delivery Expert,Egypt
Integration Engineering,Integrator Android/QNX,Egypt
Integration Engineering,Integrator Android/QNX,Egypt
Murex FO,Murex FX Front-Office Support Consultant,United States of America
Murex FO,Murex FX Front-Office Support Consultant,United States of America
Murex FO,Murex FX Front-Office Support Consultant,United States of America
Murex FO,Murex FX Front-Office Support Consultant,United States of America
Business Analysis,Technical Business Analyst,Canada
Business Analysis,Technical Business Analyst,Canada
Java,Senior Java Developer (with AWS skills),Canada
Java,Senior Java Developer (with AWS skills),Canada
Front-end React,Senior Frontend React Developer ,India
Front-end React,Senior Frontend React Developer ,India
Business Analysis,Senior Business Analyst,Germany
Business Analysis,Senior Business Analyst,Germany
Functional/System Analysis,IT Risk and Control Specialist,Poland
Functional/System Analysis,IT Risk and Control Specialist,Poland
Functional/System Analysis,IT Risk and Control Specialist,Poland
Functional/System Analysis,IT Risk and Control Specialist,Poland
Murex FO,Murex Front Office Consultant ,India
Murex FO,Murex Front Office Consultant ,India
Data Modeling,Data Engineer,Poland
Data Modeling,Data Engineer,Poland
Data Modeling,Data Engineer,Poland
Data Modeling,Data Engineer,Poland
Data Modeling,Data Engineer,Poland
Data Modeling,Data Engineer,Poland
Data Modeling,Data Engineer,Poland
Data Modeling,Data Engineer,Poland
Cybersecurity,IAM Analyst,Romania
Cybersecurity,IAM Analyst,Romania
Android,Android Software Developer,Malaysia
Android,Android Software Developer,Malaysia
Android,Android Software Developer,Malaysia
Android,Android Software Developer,Malaysia
Android,Senior Android Developer,Malaysia
Android,Senior Android Developer,Malaysia
Delivery Project Management,Delivery Project Lead,Germany
Delivery Project Management,Delivery Project Lead,Germany
Murex MxML,Data Migration BA,Saudi Arabia
Murex MxML,Data Migration BA,Saudi Arabia
Automated Testing Java,Senior/Lead Java Automation Engineer,India
Automated Testing Java,Senior/Lead Java Automation Engineer,India
C Embedded,Senior Embedded Software Engineer (Automotive Security),United States of America
C Embedded,Senior Embedded Software Engineer (Automotive Security),United States of America
Python,Senior Python/Vue developer,Canada
Python,Senior Python/Vue developer,Canada
Automated Testing Others,Automation Test Engineer (UI + AI-driven)  (Oil &amp; Gas domain),India
Automated Testing Others,Automation Test Engineer (UI + AI-driven)  (Oil &amp; Gas domain),India
Manual Testing,QA Engineer with Cloud and Energy Experience (Oil &amp; Gas domain),India
Manual Testing,QA Engineer with Cloud and Energy Experience (Oil &amp; Gas domain),India
Java,Senior Software Engineer (Java / Cloud / DevOps) (Oil &amp; Gas project),India
Java,Senior Software Engineer (Java / Cloud / DevOps) (Oil &amp; Gas project),India
Java,Senior Java Developer,China
Java,Senior Java Developer,China
Release Management,Release/ Deployment Engineer,Malaysia
Release Management,Release/ Deployment Engineer,Malaysia
DevOps,Site Reliability Engineer Senior,Romania
DevOps,Site Reliability Engineer Senior,Romania
Python,Senior AI Engineer,United States of America
Python,Senior AI Engineer,United States of America
Murex ERM,Lead Murex Risk System Analyst,Malaysia
Murex ERM,Lead Murex Risk System Analyst,Malaysia
C Embedded,Senior Embedded Software Engineer,Viet Nam
C Embedded,Senior Embedded Software Engineer,Viet Nam
Java,Senior Java Developer,Canada
Java,Senior Java Developer,Canada
Java,Senior Java Developer,Romania
Java,Senior Java Developer,Romania
Technical Support (SL3),Developer/L3 Support - AS400,Malaysia
Technical Support (SL3),Developer/L3 Support - AS400,Malaysia
Java,Senior BigData Developer,Ukraine
Java,Senior BigData Developer,Ukraine
Automated Testing Python,"Junior Test Automation Engineer (Python, automotive)",Ukraine
Automated Testing Python,"Junior Test Automation Engineer (Python, automotive)",Ukraine
Technical Project Management,Validation Technical Project Manager,Czechia
Technical Project Management,Validation Technical Project Manager,Czechia
Temenos,Temenos TAP developer,India
Temenos,Temenos TAP developer,India
Temenos,Temenos TDH Developer,India
Temenos,Temenos TDH Developer,India
Python,Senior Python Developer,Romania
Python,Senior Python Developer,Romania
C#/VB.NET,Software Developer/L3 Support,Malaysia
C#/VB.NET,Software Developer/L3 Support,Malaysia
Information Security,Data Security Expert,Romania
Information Security,Data Security Expert,Romania
DevOps,Senior AWS DevOps / Cloud Infrastructure Engineer,Ukraine
DevOps,Senior AWS DevOps / Cloud Infrastructure Engineer,Ukraine
Scrum Master,Senior Scrum Master,Romania
Scrum Master,Senior Scrum Master,Romania
Other Scripting Languages,ServiceNow RPA Developer,India
Other Scripting Languages,ServiceNow RPA Developer,India
Loan IQ,Loan IQ Product Owner,United Kingdom of Great Britain and Northern Ireland
Loan IQ,Loan IQ Product Owner,United Kingdom of Great Britain and Northern Ireland
Business Analysis,Salesforce Data Analyst,India
Business Analysis,Salesforce Data Analyst,India
Business Analysis,Salesforce Data Analyst,India
Business Analysis,Salesforce Data Analyst,India
"Other Vendor specific (Quantum, Coremont etc.)",Charles River Development (CRD) SaaS Support,Hong Kong
"Other Vendor specific (Quantum, Coremont etc.)",Charles River Development (CRD) SaaS Support,Hong Kong
"Other Vendor specific (Quantum, Coremont etc.)",Charles River Development (CRD) SaaS Support,Anywhere
"Other Vendor specific (Quantum, Coremont etc.)",Charles River Development (CRD) SaaS Support,Anywhere
"Other Vendor specific (Quantum, Coremont etc.)",Charles River Development (CRD) Support Specialist,Hong Kong
"Other Vendor specific (Quantum, Coremont etc.)",Charles River Development (CRD) Support Specialist,Hong Kong
Java Full Stack,Lead Java BackEnd engineer,Poland
Java Full Stack,Lead Java BackEnd engineer,Poland
Java Full Stack,Lead Java BackEnd engineer,Poland
Java Full Stack,Lead Java BackEnd engineer,Poland
Java Full Stack,Lead Java BackEnd engineer,Poland
Java Full Stack,Lead Java BackEnd engineer,Poland
Java Full Stack,Lead Java BackEnd engineer,Poland
Java Full Stack,Lead Java BackEnd engineer,Poland
Java Full Stack,Lead Java BackEnd engineer,Romania
Java Full Stack,Lead Java BackEnd engineer,Romania
Automated Testing Java,Senior/Lead Java Automation Engineer,India
Automated Testing Java,Senior/Lead Java Automation Engineer,India
Automated Testing Java,Senior/Lead Java Automation Engineer,India
Automated Testing Java,Senior/Lead Java Automation Engineer,India
Delivery Project Management,Project Manager,Singapore
Delivery Project Management,Project Manager,Singapore
Other Packaged Software,Software Developer - AS400,Malaysia
Other Packaged Software,Software Developer - AS400,Malaysia
Automated Testing Python,Lead QA Automation Engineer,Poland
Automated Testing Python,Lead QA Automation Engineer,Poland
Automated Testing Python,Lead QA Automation Engineer,Poland
Automated Testing Python,Lead QA Automation Engineer,Poland
C/C++,Tech Lead/SM with C/C++ skills,Netherlands
C/C++,Tech Lead/SM with C/C++ skills,Netherlands
Functional Safety,Safety Functional Expert,Poland
Functional Safety,Safety Functional Expert,Poland
Other Consulting,Cyber Security SME,India
Other Consulting,Cyber Security SME,India
Murex ERM,Senior Murex Risk Developer,Malaysia
Murex ERM,Senior Murex Risk Developer,Malaysia
Manual Testing,Manual Testing Consultant - Capital Markets,India
Manual Testing,Manual Testing Consultant - Capital Markets,India
Murex FO,Murex Front Office System Analyst,Singapore
Murex FO,Murex Front Office System Analyst,Singapore
Murex Datamart,Senior Murex Developer - Datamart,Malaysia
Murex Datamart,Senior Murex Developer - Datamart,Malaysia
Murex FO,Murex FO - L2 Support Consultant,India
Murex FO,Murex FO - L2 Support Consultant,India
Other Consulting,Senior Traded Risk Analyst (Techno Functional),Australia
Other Consulting,Senior Traded Risk Analyst (Techno Functional),Australia
Other Consulting,Senior Traded Risk Analyst (Techno Functional),India
Other Consulting,Senior Traded Risk Analyst (Techno Functional),India
Other Consulting,Senior Traded Risk Analyst (Techno Functional),Australia
Other Consulting,Senior Traded Risk Analyst (Techno Functional),Australia
Other Consulting,Senior Traded Risk Analyst (Techno Functional),India
Other Consulting,Senior Traded Risk Analyst (Techno Functional),India
Other Consulting,Senior Traded Risk Analyst (Techno Functional),India
Other Consulting,Senior Traded Risk Analyst (Techno Functional),India
Other Consulting,Senior Traded Risk Analyst (Techno Functional),India
Other Consulting,Senior Traded Risk Analyst (Techno Functional),India
Other Consulting,Senior Traded Risk Analyst (Techno Functional),India
Other Consulting,Senior Traded Risk Analyst (Techno Functional),India
DevOps,DevOps Engineer,India
DevOps,DevOps Engineer,India
DevOps,DevOps Engineer,India
DevOps,DevOps Engineer,India
DevOps,DevOps Engineer,India
DevOps,DevOps Engineer,India
DevOps,DevOps Engineer,India
DevOps,DevOps Engineer,India
Automated Testing Java,Senior/Lead Java Automation Engineer,India
Automated Testing Java,Senior/Lead Java Automation Engineer,India
Java Full Stack,Full Stack Developer,Canada
Java Full Stack,Full Stack Developer,Canada
Data Platform Engineering,Senior Data Engineer (Snowflake),Romania
Data Platform Engineering,Senior Data Engineer (Snowflake),Romania
Business Analysis,Salesforce Data Analyst,United Kingdom of Great Britain and Northern Ireland
Business Analysis,Salesforce Data Analyst,United Kingdom of Great Britain and Northern Ireland
Python,Senior Python Developer,Canada
Python,Senior Python Developer,Canada
Java,Senior Java Developer,Canada
Java,Senior Java Developer,Canada
DevOps,Cloud Engineer (DevOps),India
DevOps,Cloud Engineer (DevOps),India
"Other Vendor specific (Quantum, Coremont etc.)",Engineer Manager - Capital Markets Trading Platform,India
"Other Vendor specific (Quantum, Coremont etc.)",Engineer Manager - Capital Markets Trading Platform,India
C#/VB.NET,C#/.Net Developer,Malaysia
C#/VB.NET,C#/.Net Developer,Malaysia
C/C++,Senior C++ and Python Developer,Canada
C/C++,Senior C++ and Python Developer,Canada
C/C++,C++ Developer with Capital Market exp,Canada
C/C++,C++ Developer with Capital Market exp,Canada
Solution/Integration Architecture,Solution Architect,India
Solution/Integration Architecture,Solution Architect,India
Cybersecurity,Cyber BA,United Kingdom of Great Britain and Northern Ireland
Cybersecurity,Cyber BA,United Kingdom of Great Britain and Northern Ireland
Python,Regular Python Developer ,Romania
Python,Regular Python Developer ,Romania
Automated Testing Java,Senior QA Automation,India
Automated Testing Java,Senior QA Automation,India
IT Infrastructure Engineering,Technical Lead - Murex Infrastructure,United States of America
IT Infrastructure Engineering,Technical Lead - Murex Infrastructure,United States of America
IT Infrastructure Engineering,Technical Lead - DB Conversion,United States of America
IT Infrastructure Engineering,Technical Lead - DB Conversion,United States of America
Murex BO,Murex Business Analyst - Back Office,India
Murex BO,Murex Business Analyst - Back Office,India
Murex BO,Murex Business Analyst - Back Office,India
Murex BO,Murex Business Analyst - Back Office,India
Axiom,Axiom Developer,India
Axiom,Axiom Developer,India
Java,"Senior Backend Engineer (Java, Spring Boot, AWS)",India
Java,"Senior Backend Engineer (Java, Spring Boot, AWS)",India
Java,"Senior Backend Engineer (Java, Spring Boot, AWS)",India
Java,"Senior Backend Engineer (Java, Spring Boot, AWS)",India
Java,"Senior Backend Engineer (Java, Spring Boot, AWS)",India
Java,"Senior Backend Engineer (Java, Spring Boot, AWS)",India
Java,"Senior Backend Engineer (Java, Spring Boot, AWS)",India
Java,"Senior Backend Engineer (Java, Spring Boot, AWS)",India
Automated Testing Python,Senior Test Automation Engineer,Egypt
Automated Testing Python,Senior Test Automation Engineer,Egypt
Android,Senior Mobile Engineer - Android,Malaysia
Android,Senior Mobile Engineer - Android,Malaysia
iOS (Objective-C/Swift),Senior Mobile Engineer - iOS Swift,Malaysia
iOS (Objective-C/Swift),Senior Mobile Engineer - iOS Swift,Malaysia
Front-end React,Senior Web Developer - ReactJS,Malaysia
Front-end React,Senior Web Developer - ReactJS,Malaysia
Murex MxML,Senior Murex Developer - MxML & Integration,India
Murex MxML,Senior Murex Developer - MxML & Integration,India
Murex MxML,Senior Murex Developer - MxML & Integration,India
Murex MxML,Senior Murex Developer - MxML & Integration,India
C/C++,Senior C++ Software Engineer with Unreal Engine,Ukraine
C/C++,Senior C++ Software Engineer with Unreal Engine,Ukraine
C/C++,Vision Systems Architect,Turkiye
C/C++,Vision Systems Architect,Turkiye
C/C++,Vision Systems Architect,Serbia
C/C++,Vision Systems Architect,Serbia
C/C++,Vision Systems Architect,Romania
C/C++,Vision Systems Architect,Romania
C/C++,Vision Systems Architect,Poland
C/C++,Vision Systems Architect,Poland
C/C++,Vision Systems Architect,India
C/C++,Vision Systems Architect,India
C/C++,Vision Systems Architect,Egypt
C/C++,Vision Systems Architect,Egypt
C/C++,Vision Systems Architect,Bulgaria
C/C++,Vision Systems Architect,Bulgaria
C/C++,Senior Vision Systems Engineer,Turkiye
C/C++,Senior Vision Systems Engineer,Turkiye
C/C++,Senior Vision Systems Engineer,Serbia
C/C++,Senior Vision Systems Engineer,Serbia
C/C++,Senior Vision Systems Engineer,Poland
C/C++,Senior Vision Systems Engineer,Poland
C/C++,Senior Vision Systems Engineer,Egypt
C/C++,Senior Vision Systems Engineer,Egypt
C/C++,Senior Vision Systems Engineer,Bulgaria
C/C++,Senior Vision Systems Engineer,Bulgaria
C/C++,Senior Vision Systems Engineer,Romania
C/C++,Senior Vision Systems Engineer,Romania
C/C++,Senior Vision Systems Engineer,India
C/C++,Senior Vision Systems Engineer,India
BigData Development,Cloud Data Engineer,India
BigData Development,Cloud Data Engineer,India
BigData Development,Cloud Data Engineer,India
BigData Development,Cloud Data Engineer,India
Murex ERM,Lead Murex Credit Risk System Analyst,Singapore
Murex ERM,Lead Murex Credit Risk System Analyst,Singapore
Technical Support (SL2),"DataOps Consultant, Lakehouse Support",United Arab Emirates
Technical Support (SL2),"DataOps Consultant, Lakehouse Support",United Arab Emirates
Domain Specific Languages,Progress 4GL OpenEdge Developer/ DBA,Poland
Domain Specific Languages,Progress 4GL OpenEdge Developer/ DBA,Poland
BigData Development,Senior Big Data Engineer (Spark/Scala/Java),Poland
BigData Development,Senior Big Data Engineer (Spark/Scala/Java),Poland
Product Owner,Product Owner,India
Product Owner,Product Owner,India
Software/System Architecture,Blockchain Architect,United Kingdom of Great Britain and Northern Ireland
Software/System Architecture,Blockchain Architect,United Kingdom of Great Britain and Northern Ireland
Axiom,Senior AxiomSL Developer,United States of America
Axiom,Senior AxiomSL Developer,United States of America
Software/System Architecture,Senior Software Architect,India
Software/System Architecture,Senior Software Architect,India
iOS (Objective-C/Swift),Regular/Senior iOS Developer,Egypt
iOS (Objective-C/Swift),Regular/Senior iOS Developer,Egypt
Technical Project Management,Technical Product Manager,Egypt
Technical Project Management,Technical Product Manager,Egypt
Integration Engineering,EHR Ancillary System Analyst,India
Integration Engineering,EHR Ancillary System Analyst,India
Integration Engineering,EHR Ancillary System Analyst,India
Integration Engineering,EHR Ancillary System Analyst,India
Integration Engineering,EHR Ancillary System Analyst,India
Integration Engineering,EHR Ancillary System Analyst,India
Integration Engineering,EHR Ancillary System Analyst,India
Integration Engineering,EHR Ancillary System Analyst,India
Integration Engineering,EHR Ancillary System Analyst,India
Integration Engineering,EHR Ancillary System Analyst,India
Integration Engineering,EHR Ancillary System Analyst,India
Integration Engineering,EHR Ancillary System Analyst,India
Integration Engineering,EHR Ancillary System Analyst,India
Integration Engineering,EHR Ancillary System Analyst,India
Integration Engineering,EHR Ancillary System Analyst,India
Integration Engineering,EHR Ancillary System Analyst,India
Python,Senior Risk Engineer,United Kingdom of Great Britain and Northern Ireland
Python,Senior Risk Engineer,United Kingdom of Great Britain and Northern Ireland
Other Packaged Software,Adobe Techno Functional Consultant,India
Other Packaged Software,Adobe Techno Functional Consultant,India
Technical Project Management,Technical Product Manager,India
Technical Project Management,Technical Product Manager,India
Axiom,Axiom Business Analyst,India
Axiom,Axiom Business Analyst,India
Java,SeniorRegular GIS Java Developer,Poland
Java,SeniorRegular GIS Java Developer,Poland
Java,SeniorRegular GIS Java Developer,Bulgaria
Java,SeniorRegular GIS Java Developer,Bulgaria
Integration Engineering,EHR Ancillary System Analyst,India
Integration Engineering,EHR Ancillary System Analyst,India
Murex FO,Senior Murex System Analyst,Malaysia
Murex FO,Senior Murex System Analyst,Malaysia
Data Platform Engineering,Data platform Lead,United Arab Emirates
Data Platform Engineering,Data platform Lead,United Arab Emirates
Python,Regular/Senior Python Developer,India
Python,Regular/Senior Python Developer,India
Python,Regular/Senior Python Developer,India
Python,Regular/Senior Python Developer,India
Python,Regular/Senior Python Developer,India
Python,Regular/Senior Python Developer,India
Java,Senior Java Software Engineer,India
Java,Senior Java Software Engineer,India
Business Analysis,Workday Time Tracking Consultant (Kronos/UKG) ,India
Business Analysis,Workday Time Tracking Consultant (Kronos/UKG) ,India
Business Analysis,Workday Time Tracking Consultant (Kronos/UKG) ,India
Business Analysis,Workday Time Tracking Consultant (Kronos/UKG) ,India
Business Analysis,Workday Time Tracking Consultant (Kronos/UKG) ,India
Business Analysis,Workday Time Tracking Consultant (Kronos/UKG) ,India
Business Analysis,Workday Time Tracking Consultant (Kronos/UKG) ,India
Business Analysis,Workday Time Tracking Consultant (Kronos/UKG) ,India
Business Analysis,Workday Time Tracking Consultant (Kronos/UKG) ,India
Business Analysis,Workday Time Tracking Consultant (Kronos/UKG) ,India
Business Analysis,Workday Time Tracking Consultant (Kronos/UKG) ,India
Business Analysis,Workday Time Tracking Consultant (Kronos/UKG) ,India
Business Analysis,Workday Time Tracking Consultant (Kronos/UKG) ,India
Business Analysis,Workday Time Tracking Consultant (Kronos/UKG) ,India
Business Analysis,Workday Time Tracking Consultant (Kronos/UKG) ,India
Business Analysis,Workday Time Tracking Consultant (Kronos/UKG) ,India
SAP,SAP Basis Expert,Mexico
SAP,SAP Basis Expert,Mexico
Manual Testing,Intern/Junior Manual QA,Ukraine
Manual Testing,Intern/Junior Manual QA,Ukraine
Java,Senior Java Developer,Canada
Java,Senior Java Developer,Canada
Java Full Stack,Full Stack Developer,Poland
Java Full Stack,Full Stack Developer,Poland
Java Full Stack,Full Stack Developer,Poland
Java Full Stack,Full Stack Developer,Poland
Java Full Stack,Full Stack Developer,Poland
Java Full Stack,Full Stack Developer,Poland
Automated Testing Java,Senior QA Engineer,Romania
Automated Testing Java,Senior QA Engineer,Romania
DevOps,Lead DevOps Engineer,Romania
DevOps,Lead DevOps Engineer,Romania
"Other Vendor specific (Quantum, Coremont etc.)",Treasury Front Office BA,United Arab Emirates
"Other Vendor specific (Quantum, Coremont etc.)",Treasury Front Office BA,United Arab Emirates
Other Consulting,Test Analyst - Automotive Electronic Systems,Brazil
Other Consulting,Test Analyst - Automotive Electronic Systems,Brazil
BPM Others,Senior Flowable Developer,Poland
BPM Others,Senior Flowable Developer,Poland
BPM Others,Flowable Developer,India
BPM Others,Flowable Developer,India
BPM Others,Flowable Developer,India
BPM Others,Flowable Developer,India
BPM RPA,Senior Robotic Process Automation (RPA) Developer,Romania
BPM RPA,Senior Robotic Process Automation (RPA) Developer,Romania
BPM RPA,Senior Robotic Process Automation (RPA) Developer,Poland
BPM RPA,Senior Robotic Process Automation (RPA) Developer,Poland
BPM RPA,Senior Robotic Process Automation (RPA) Developer,United Arab Emirates
BPM RPA,Senior Robotic Process Automation (RPA) Developer,United Arab Emirates
Delivery Project Management,Technical Delivery Manager (with strong Python),India
Delivery Project Management,Technical Delivery Manager (with strong Python),India
Python,Full Stack Web Developer,Malaysia
Python,Full Stack Web Developer,Malaysia
Python,Senior Full Stack Web Developer,Malaysia
Python,Senior Full Stack Web Developer,Malaysia
Murex MxML,Senior Murex MxML Developer,Malaysia
Murex MxML,Senior Murex MxML Developer,Malaysia
DWH Development,Senior Data Engineer,Brazil
DWH Development,Senior Data Engineer,Brazil
DWH Development,Senior Data Engineer,Argentina
DWH Development,Senior Data Engineer,Argentina
BigData Development,Senior Big Data Engineer (Spark/Scala/Java),Poland
BigData Development,Senior Big Data Engineer (Spark/Scala/Java),Poland
Mechatronics Technician,Regular System Technician (Vision),United States of America
Mechatronics Technician,Regular System Technician (Vision),United States of America
iOS (Objective-C/Swift),Regular/Senior iOS Developer,India
iOS (Objective-C/Swift),Regular/Senior iOS Developer,India
Automated Testing Python,Senior Automation Engineer,United Kingdom of Great Britain and Northern Ireland
Automated Testing Python,Senior Automation Engineer,United Kingdom of Great Britain and Northern Ireland
"Other Vendor specific (Quantum, Coremont etc.)",Platform Integration Specialist,United Arab Emirates
"Other Vendor specific (Quantum, Coremont etc.)",Platform Integration Specialist,United Arab Emirates
Business Analysis,Technical Business Analyst - DLT,India
Business Analysis,Technical Business Analyst - DLT,India
Business Analysis,Technical Business Analyst - DLT,India
Business Analysis,Technical Business Analyst - DLT,India
Business Analysis,Technical Business Analyst - DLT,India
Business Analysis,Technical Business Analyst - DLT,India
UI/UX Design,UI/UX and Saleforce Consultant,India
UI/UX Design,UI/UX and Saleforce Consultant,India
UI/UX Design,UI/UX and Saleforce Consultant,India
UI/UX Design,UI/UX and Saleforce Consultant,India
UI/UX Design,UI/UX and Saleforce Consultant,India
UI/UX Design,UI/UX and Saleforce Consultant,India
Murex MxML,Murex Integration Lead,United Arab Emirates
Murex MxML,Murex Integration Lead,United Arab Emirates
Android,Senior Android Developer (Automotive OS Experience),Spain
Android,Senior Android Developer (Automotive OS Experience),Spain
Java,Regular Java Developer,India
Java,Regular Java Developer,India
Java,Regular Java Developer,India
Java,Regular Java Developer,India
Java,Senior Java Developer,India
Java,Senior Java Developer,India
Java,Senior Java Developer,India
Java,Senior Java Developer,India
Software/System Architecture,Technical Delivery Expert,India
Software/System Architecture,Technical Delivery Expert,India
Software/System Architecture,Technical Delivery Expert,India
Software/System Architecture,Technical Delivery Expert,India
Murex ECM,Murex Configuration and Environment Manager,United States of America
Murex ECM,Murex Configuration and Environment Manager,United States of America
Murex ECM,Murex Configuration and Environment Manager,Anywhere
Murex ECM,Murex Configuration and Environment Manager,Anywhere
Murex Testing,Murex Functional QA Testing / MxTest,United States of America
Murex Testing,Murex Functional QA Testing / MxTest,United States of America
Murex Testing,Murex Functional QA Testing / MxTest,Anywhere
Murex Testing,Murex Functional QA Testing / MxTest,Anywhere
Murex Testing,Murex Technical QA Testing / MxTest,United States of America
Murex Testing,Murex Technical QA Testing / MxTest,United States of America
Murex Testing,Murex Technical QA Testing / MxTest,Anywhere
Murex Testing,Murex Technical QA Testing / MxTest,Anywhere
Murex MxML,Murex Developer,United States of America
Murex MxML,Murex Developer,United States of America
Murex MxML,Murex Developer,Anywhere
Murex MxML,Murex Developer,Anywhere
Murex ECM,Murex Senior Performance Analyst,Mexico
Murex ECM,Murex Senior Performance Analyst,Mexico
Murex ECM,Murex Senior Performance Analyst,Anywhere
Murex ECM,Murex Senior Performance Analyst,Anywhere
Murex ECM,Murex Technical Engineer,Mexico
Murex ECM,Murex Technical Engineer,Mexico
Murex ECM,Murex Technical Engineer,Anywhere
Murex ECM,Murex Technical Engineer,Anywhere
Murex ERM,Murex market Risk specialist,United Arab Emirates
Murex ERM,Murex market Risk specialist,United Arab Emirates
AI/ML,Senior AI Engineer,India
AI/ML,Senior AI Engineer,India
AI/ML,Senior AI Engineer,India
AI/ML,Senior AI Engineer,India
Automated Testing Python,Test Automation Engineer,Romania
Automated Testing Python,Test Automation Engineer,Romania
Data Reporting & Analysis,Regular BI Developer,Ukraine
Data Reporting & Analysis,Regular BI Developer,Ukraine
Data Reporting & Analysis,Regular BI Developer,Serbia
Data Reporting & Analysis,Regular BI Developer,Serbia
C/C++,Senior Vision Systems Engineer,United Arab Emirates
C/C++,Senior Vision Systems Engineer,United Arab Emirates
C/C++,Senior Vision Systems Engineer,Anywhere
C/C++,Senior Vision Systems Engineer,Anywhere
Business Analysis,Workday Reporting Analyst,India
Business Analysis,Workday Reporting Analyst,India
Business Analysis,Workday Reporting Analyst,India
Business Analysis,Workday Reporting Analyst,India
Business Analysis,Workday Reporting Analyst,India
Business Analysis,Workday Reporting Analyst,India
Business Analysis,Workday Reporting Analyst,India
Business Analysis,Workday Reporting Analyst,India
Business Analysis,Workday Reporting Analyst,India
Business Analysis,Workday Reporting Analyst,India
Business Analysis,Workday Reporting Analyst,India
Business Analysis,Workday Reporting Analyst,India
Business Analysis,Workday Reporting Analyst,India
Business Analysis,Workday Reporting Analyst,India
Business Analysis,Workday Reporting Analyst,India
Business Analysis,Workday Reporting Analyst,India
Application Security,Application & Infrastructure Security Consultant,India
Application Security,Application & Infrastructure Security Consultant,India
Functional/System Analysis,Senior System Analyst,Ukraine
Functional/System Analysis,Senior System Analyst,Ukraine
C/C++,Vision Systems Architect,United Arab Emirates
C/C++,Vision Systems Architect,United Arab Emirates
C/C++,Vision Systems Architect,Anywhere
C/C++,Vision Systems Architect,Anywhere
Data Platform Engineering,Senior Data Engineer,Australia
Data Platform Engineering,Senior Data Engineer,Australia
Data Platform Engineering,Senior Data Engineer,Australia
Data Platform Engineering,Senior Data Engineer,Australia
Data Platform Engineering,Senior Data Engineer,Australia
Data Platform Engineering,Senior Data Engineer,Australia
Data Platform Engineering,Senior Data Engineer,Australia
Data Platform Engineering,Senior Data Engineer,Australia
Data Platform Engineering,Senior Data Engineer,Australia
Data Platform Engineering,Senior Data Engineer,Australia
Software/System Architecture,Java Architect (with Capital Markets exp.),India
Software/System Architecture,Java Architect (with Capital Markets exp.),India
Software/System Architecture,Java Architect (with Capital Markets exp.),India
Software/System Architecture,Java Architect (with Capital Markets exp.),India
Murex FO,Junior Murex Trading FO,Canada
Murex FO,Junior Murex Trading FO,Canada
Murex FO,Junior Murex Trading FO,Mexico
Murex FO,Junior Murex Trading FO,Mexico
Murex FO,Junior Murex Trading FO,Brazil
Murex FO,Junior Murex Trading FO,Brazil
DevOps,Senior DevOps Engineer (GCP & Terraform Mandatory),Romania
DevOps,Senior DevOps Engineer (GCP & Terraform Mandatory),Romania
C Embedded,Senior Embedded Software Engineer (C/C++),United States of America
C Embedded,Senior Embedded Software Engineer (C/C++),United States of America
Data Science,Data Scientist / ML Ops Scientist,Romania
Data Science,Data Scientist / ML Ops Scientist,Romania
Background Check,Employment Screening Specialist,India
Background Check,Employment Screening Specialist,India
Temenos,Temenos Business Analyst,India
Temenos,Temenos Business Analyst,India
Temenos,Temenos Business Analyst,India
Temenos,Temenos Business Analyst,India
Technical Support (SL3),L3 Production Support Engineer,Malaysia
Technical Support (SL3),L3 Production Support Engineer,Malaysia
Other Scripting Languages,Senior Developer / Environment Support,Malaysia
Other Scripting Languages,Senior Developer / Environment Support,Malaysia
Cobol (Mainframe),Senior COBOL Developer ,Denmark
Cobol (Mainframe),Senior COBOL Developer ,Denmark
Business Analysis,Treasury Front Office Consultant,United Arab Emirates
Business Analysis,Treasury Front Office Consultant,United Arab Emirates
Calypso,Calypso Finance Business Analyst,India
Calypso,Calypso Finance Business Analyst,India
Java Full Stack,Full Stack Developer,Serbia
Java Full Stack,Full Stack Developer,Serbia
Java Full Stack,Full Stack Developer,Anywhere
Java Full Stack,Full Stack Developer,Anywhere
Calypso,Calypso Front Office QA,United States of America
Calypso,Calypso Front Office QA,United States of America
Calypso,Calypso Front Office QA,Mexico
Calypso,Calypso Front Office QA,Mexico
Calypso,Calypso Front Office QA,Canada
Calypso,Calypso Front Office QA,Canada
Calypso,Calypso BO/Accounting QA,United States of America
Calypso,Calypso BO/Accounting QA,United States of America
Calypso,Calypso BO/Accounting QA,Mexico
Calypso,Calypso BO/Accounting QA,Mexico
Calypso,Calypso BO/Accounting QA,Canada
Calypso,Calypso BO/Accounting QA,Canada
Calypso,Calypso BA Accounting,United States of America
Calypso,Calypso BA Accounting,United States of America
Calypso,Calypso BA Accounting,Mexico
Calypso,Calypso BA Accounting,Mexico
Calypso,Calypso BA Accounting,Canada
Calypso,Calypso BA Accounting,Canada
C/C++,Senior Software Engineer (MFC &amp; C++ ),India
C/C++,Senior Software Engineer (MFC &amp; C++ ),India
"Other Vendor specific (Quantum, Coremont etc.)",Smartstream IDLM Support Analyst,India
"Other Vendor specific (Quantum, Coremont etc.)",Smartstream IDLM Support Analyst,India
"Other Vendor specific (Quantum, Coremont etc.)",Smartstream IDLM Support Analyst,India
"Other Vendor specific (Quantum, Coremont etc.)",Smartstream IDLM Support Analyst,India
Financial Planning & Analysis,Financial Partner,Ukraine
Financial Planning & Analysis,Financial Partner,Ukraine
Financial Planning & Analysis,Financial Partner,Ukraine
Financial Planning & Analysis,Financial Partner,Ukraine
Solution/Integration Architecture,Insurance Solution Architect,India
Solution/Integration Architecture,Insurance Solution Architect,India
Solution/Integration Architecture,Insurance Solution Architect,India
Solution/Integration Architecture,Insurance Solution Architect,India
Solution/Integration Architecture,Insurance Solution Architect,India
Solution/Integration Architecture,Insurance Solution Architect,India
Solution/Integration Architecture,Insurance Solution Architect,India
Solution/Integration Architecture,Insurance Solution Architect,India
Solution/Integration Architecture,Insurance Solution Architect,India
Solution/Integration Architecture,Insurance Solution Architect,India
Solution/Integration Architecture,Insurance Solution Architect,India
Solution/Integration Architecture,Insurance Solution Architect,India
Solution/Integration Architecture,Insurance Solution Architect,India
Solution/Integration Architecture,Insurance Solution Architect,India
Recruitment Research,IT Recruitment Researcher ,Ukraine
Recruitment Research,IT Recruitment Researcher ,Ukraine
Recruitment Research,IT Recruitment Researcher ,Ukraine
Recruitment Research,IT Recruitment Researcher ,Ukraine
DevOps,System Administrator (Microsoft Active Directory),Ukraine
DevOps,System Administrator (Microsoft Active Directory),Ukraine
DevOps,System Administrator (Microsoft Exchange),Ukraine
DevOps,System Administrator (Microsoft Exchange),Ukraine
Software - Other,Senior KDB+ Developer,United Kingdom of Great Britain and Northern Ireland
Software - Other,Senior KDB+ Developer,United Kingdom of Great Britain and Northern Ireland
C#/VB.NET,Senior Full stack Developer,United Arab Emirates
C#/VB.NET,Senior Full stack Developer,United Arab Emirates
Java Full Stack,Senior Full Stack Developer ,Serbia
Java Full Stack,Senior Full Stack Developer ,Serbia
Java,Senior Software Developer,Poland
Java,Senior Software Developer,Poland
Java,Senior Software Developer,Poland
Java,Senior Software Developer,Poland
Hogan,Senior Hogan ILP Business Analyst,United States of America
Hogan,Senior Hogan ILP Business Analyst,United States of America
Java,Lead Java Software Developer,Poland
Java,Lead Java Software Developer,Poland
Java,Lead Java Software Developer,Poland
Java,Lead Java Software Developer,Poland
Java,Lead Java Software Developer,Poland
Java,Lead Java Software Developer,Poland
Java,Senior Java Developer,Romania
Java,Senior Java Developer,Romania
Hogan,Senior CAMS Business Analyst,India
Hogan,Senior CAMS Business Analyst,India
Other Consulting,Cyber Security SME,India
Other Consulting,Cyber Security SME,India
C#/VB.NET,Senior/Lead Full-Stack Developer (.Net+Angular),Spain
C#/VB.NET,Senior/Lead Full-Stack Developer (.Net+Angular),Spain
C#/VB.NET,Senior/Lead Full-Stack Developer (.Net+Angular),Portugal
C#/VB.NET,Senior/Lead Full-Stack Developer (.Net+Angular),Portugal
C#/VB.NET,Senior/Lead Full-Stack Developer (.Net+Angular),Romania
C#/VB.NET,Senior/Lead Full-Stack Developer (.Net+Angular),Romania
Java,Senior Java Developer,Poland
Java,Senior Java Developer,Poland
"ETL (Informatica, Ab Initio etc.)","Developer (Informatica, Oracle, AS 400)",Malaysia
"ETL (Informatica, Ab Initio etc.)","Developer (Informatica, Oracle, AS 400)",Malaysia
Hogan,Senior CAMS Business Analyst,United States of America
Hogan,Senior CAMS Business Analyst,United States of America
Hogan,Senior CAMS Business Analyst,Anywhere
Hogan,Senior CAMS Business Analyst,Anywhere
"Other Vendor specific (Quantum, Coremont etc.)",Senior Consultant - Finastra Fusion Risk ARC,India
"Other Vendor specific (Quantum, Coremont etc.)",Senior Consultant - Finastra Fusion Risk ARC,India
Murex FO,Murex FO System Analyst,Malaysia
Murex FO,Murex FO System Analyst,Malaysia
Hogan,Senior Hogan IDS Developer,India
Hogan,Senior Hogan IDS Developer,India
Hogan,Senior Hogan IDS Developer,India
Hogan,Senior Hogan IDS Developer,India
Hogan,Senior Hogan IDS Developer,India
Hogan,Senior Hogan IDS Developer,India
Hogan,Senior Hogan IDS Developer,India
Hogan,Senior Hogan IDS Developer,India
Hogan,Senior Hogan ILP Developer,United States of America
Hogan,Senior Hogan ILP Developer,United States of America
Automated Testing Python,Lead QA Automation Engineer,Poland
Automated Testing Python,Lead QA Automation Engineer,Poland
Automated Testing Python,Lead QA Automation Engineer,Poland
Automated Testing Python,Lead QA Automation Engineer,Poland
C#/VB.NET,Senior/Lead Full-Stack Developer (.Net+Angular),Serbia
C#/VB.NET,Senior/Lead Full-Stack Developer (.Net+Angular),Serbia
C#/VB.NET,Senior/Lead Full-Stack Developer (.Net+Angular),Bulgaria
C#/VB.NET,Senior/Lead Full-Stack Developer (.Net+Angular),Bulgaria
AI/ML,Senior AI Engineer,Romania
AI/ML,Senior AI Engineer,Romania
AI/ML,MLOps engineer,United States of America
AI/ML,MLOps engineer,United States of America
C/C++,Low-Latency C++ Developer,Singapore
C/C++,Low-Latency C++ Developer,Singapore
C/C++,Senior C++ Developer (with Market Data experience),United States of America
C/C++,Senior C++ Developer (with Market Data experience),United States of America
C/C++,Senior C++ Developer (with Market Data experience),United Kingdom of Great Britain and Northern Ireland
C/C++,Senior C++ Developer (with Market Data experience),United Kingdom of Great Britain and Northern Ireland
Sales Professional,Sales Director,Mexico
Sales Professional,Sales Director,Mexico
C#/VB.NET,Senior/Lead Full-Stack Developer (.Net+Angular),Mexico
C#/VB.NET,Senior/Lead Full-Stack Developer (.Net+Angular),Mexico
Sales Professional,Sales Director,Brazil
Sales Professional,Sales Director,Brazil
Java,"Senior Java Developer (with Python, AWS and Terraform)",Canada
Java,"Senior Java Developer (with Python, AWS and Terraform)",Canada
Business Analysis,Senior Business Functional Analyst - Requirements Engineer (Lending),Romania
Business Analysis,Senior Business Functional Analyst - Requirements Engineer (Lending),Romania
Murex MxML,Senior Murex Developer - MxML & Integration,Australia
Murex MxML,Senior Murex Developer - MxML & Integration,Australia
Murex BO,Murex Back-Office/Operations Developer,Mexico
Murex BO,Murex Back-Office/Operations Developer,Mexico
Murex BO,Murex Back-Office/Operations Developer,Anywhere
Murex BO,Murex Back-Office/Operations Developer,Anywhere
Axiom,Senior AxiomSL Developer,Canada
Axiom,Senior AxiomSL Developer,Canada
Java,Lead Java Developer,Romania
Java,Lead Java Developer,Romania
Automated Testing Java,Lead Automation QA (Java),Romania
Automated Testing Java,Lead Automation QA (Java),Romania
Automated Testing Java,Senior Automation QA (Java),Romania
Automated Testing Java,Senior Automation QA (Java),Romania
Java,Senior Java Developer,Romania
Java,Senior Java Developer,Romania
Software/System Architecture,Modernization Lead/Architect,United States of America
Software/System Architecture,Modernization Lead/Architect,United States of America
Other Packaged Software,Senior Java Developer (Comunda experience nice to have),Romania
Other Packaged Software,Senior Java Developer (Comunda experience nice to have),Romania
Java,SeniorRegular GIS Java Developer,Turkiye
Java,SeniorRegular GIS Java Developer,Turkiye
Java,SeniorRegular GIS Java Developer,Egypt
Java,SeniorRegular GIS Java Developer,Egypt
SAP,SAP Basis Expert,Spain
SAP,SAP Basis Expert,Spain
Hogan,Senior Hogan ODS Developer,United States of America
Hogan,Senior Hogan ODS Developer,United States of America
Murex FO,Murex Trading FO,Brazil
Murex FO,Murex Trading FO,Brazil
Murex FO,Murex Trading FO,Canada
Murex FO,Murex Trading FO,Canada
Murex FO,Murex Trading FO,Mexico
Murex FO,Murex Trading FO,Mexico
Axiom,Axiom Developer,India
Axiom,Axiom Developer,India
Java,Senior Full-Stack Engineer ,Romania
Java,Senior Full-Stack Engineer ,Romania
Other Packaged Software,Developer IBM i (AS400),Malaysia
Other Packaged Software,Developer IBM i (AS400),Malaysia
Python,Senior/Lead Python Software Engineer,Serbia
Python,Senior/Lead Python Software Engineer,Serbia
DevOps,Senior/Lead Azure DevOps Engineer ,India
DevOps,Senior/Lead Azure DevOps Engineer ,India
DevOps,Senior/Lead Azure DevOps Engineer ,India
DevOps,Senior/Lead Azure DevOps Engineer ,India
DevOps,Senior/Lead Azure DevOps Engineer ,India
DevOps,Senior/Lead Azure DevOps Engineer ,India
Business Analysis,System management Analyst (Workday SCM),India
Business Analysis,System management Analyst (Workday SCM),India
Sales Professional,Sales Executive,United States of America
Sales Professional,Sales Executive,United States of America
Sales Professional,Sales Executive,United States of America
Sales Professional,Sales Executive,United States of America
Sales Professional,Sales Executive,United States of America
Sales Professional,Sales Executive,United States of America
Sales Professional,Sales Executive,United States of America
Sales Professional,Sales Executive,United States of America
Sales Professional,Sales Executive,United States of America
Sales Professional,Sales Executive,United States of America
Information Governance (Platform),AI Governance Engineer u2013 Standards & Controls,United States of America
Information Governance (Platform),AI Governance Engineer u2013 Standards & Controls,United States of America
Information Governance (Platform),AI Governance Engineer u2013 Standards & Controls,United States of America
Information Governance (Platform),AI Governance Engineer u2013 Standards & Controls,United States of America
Information Governance (Platform),AI Governance Engineer u2013 Standards & Controls,United States of America
Information Governance (Platform),AI Governance Engineer u2013 Standards & Controls,United States of America
Enterprise Architecture,AI Governance & Controls Lead,United States of America
Enterprise Architecture,AI Governance & Controls Lead,United States of America
Enterprise Architecture,AI Governance & Controls Lead,United States of America
Enterprise Architecture,AI Governance & Controls Lead,United States of America
Enterprise Architecture,AI Governance & Controls Lead,United States of America
Enterprise Architecture,AI Governance & Controls Lead,United States of America
Enterprise Architecture,GenAI Platform Engineering Team Lead,United States of America
Enterprise Architecture,GenAI Platform Engineering Team Lead,United States of America
Enterprise Architecture,GenAI Platform Engineering Team Lead,United States of America
Enterprise Architecture,GenAI Platform Engineering Team Lead,United States of America
Enterprise Architecture,GenAI Platform Engineering Team Lead,United States of America
Enterprise Architecture,GenAI Platform Engineering Team Lead,United States of America
BI Engineering,Senior BI Developer,Ukraine
BI Engineering,Senior BI Developer,Ukraine
Analytics Solution Architecture,GenAI Solutions Architect,United States of America
Analytics Solution Architecture,GenAI Solutions Architect,United States of America
Analytics Solution Architecture,GenAI Solutions Architect,United States of America
Analytics Solution Architecture,GenAI Solutions Architect,United States of America
Analytics Solution Architecture,GenAI Solutions Architect,United States of America
Analytics Solution Architecture,GenAI Solutions Architect,United States of America
Business Analysis,Compliance IT Business Analyst,United Kingdom of Great Britain and Northern Ireland
Business Analysis,Compliance IT Business Analyst,United Kingdom of Great Britain and Northern Ireland
Software/System Architecture,Automotive Software Architect,Sweden
Software/System Architecture,Automotive Software Architect,Sweden
Java,Senior Java Developer,Ukraine
Java,Senior Java Developer,Ukraine
Java,Senior Java Developer,Poland
Java,Senior Java Developer,Poland
Java,Senior Java Developer,China
Java,Senior Java Developer,China
Java,Senior Java/Python Backend Developer,Poland
Java,Senior Java/Python Backend Developer,Poland
Java,Senior Java Backend Developer,Poland
Java,Senior Java Backend Developer,Poland
C Embedded,Senior Embedded Software Engineer,Viet Nam
C Embedded,Senior Embedded Software Engineer,Viet Nam
Sales Professional,Sales Executive ,United States of America
Sales Professional,Sales Executive ,United States of America
Java,AI Engineer ,China
Java,AI Engineer ,China
Other Consulting,Market Risk Consultant,India
Other Consulting,Market Risk Consultant,India
Other Consulting,Market Risk Consultant,India
Other Consulting,Market Risk Consultant,India
Java,Senior Java Developer,China
Java,Senior Java Developer,China
DevOps,Senior DevOps Engineer,China
DevOps,Senior DevOps Engineer,China
Business Analysis,Business Analyst - Investment Banking Operations,India
Business Analysis,Business Analyst - Investment Banking Operations,India
Business Analysis,Business Analyst - Investment Banking Operations,India
Business Analysis,Business Analyst - Investment Banking Operations,India
Automated Testing Java,Senior Tester - FM Products,India
Automated Testing Java,Senior Tester - FM Products,India
Murex Others,Senior Murex Collateral System Analyst,Singapore
Murex Others,Senior Murex Collateral System Analyst,Singapore
Murex Others,Lead Murex Collateral System Analyst,Singapore
Murex Others,Lead Murex Collateral System Analyst,Singapore
DevOps,Lead DevOps Engineer,India
DevOps,Lead DevOps Engineer,India
Delivery Project Management,Delivery Project Manager - Technical [Python],Singapore
Delivery Project Management,Delivery Project Manager - Technical [Python],Singapore
Business Analysis,Treasury Back Office Consultant,United Arab Emirates
Business Analysis,Treasury Back Office Consultant,United Arab Emirates
Python,Python Developer with Java,Singapore
Python,Python Developer with Java,Singapore
Technical Project Management,Project Manager,India
Technical Project Management,Project Manager,India
Data Platform Engineering,Senior Data Engineer,India
Data Platform Engineering,Senior Data Engineer,India
Data Modeling,Data Annotator / Annotation Operations Specialist,Poland
Data Modeling,Data Annotator / Annotation Operations Specialist,Poland
Murex ERM,Senior Murex Risk consultant,Poland
Murex ERM,Senior Murex Risk consultant,Poland
Java Full Stack,Full Stack Developer,Poland
Java Full Stack,Full Stack Developer,Poland
Software/System Architecture,Engineering Lead,Ukraine
Software/System Architecture,Engineering Lead,Ukraine
Other Consulting,Azure Databricks Developer,Poland
Other Consulting,Azure Databricks Developer,Poland
Java,Java Developer u2013 CICS Liberty / Mainframe Integration,India
Java,Java Developer u2013 CICS Liberty / Mainframe Integration,India
Java,Java Developer u2013 CICS Liberty / Mainframe Integration,India
Java,Java Developer u2013 CICS Liberty / Mainframe Integration,India
Java,Java Developer u2013 CICS Liberty / Mainframe Integration,India
Java,Java Developer u2013 CICS Liberty / Mainframe Integration,India
Java,Java Fullstack Developer (Angular),India
Java,Java Fullstack Developer (Angular),India
Java,Java Fullstack Developer (Angular),India
Java,Java Fullstack Developer (Angular),India
Murex Testing,Murex Techno Functional Tester,India
Murex Testing,Murex Techno Functional Tester,India
"Other Vendor specific (Quantum, Coremont etc.)",PCC Technology Lead,India
"Other Vendor specific (Quantum, Coremont etc.)",PCC Technology Lead,India
Scrum Master,Senior Scrum Master,Mexico
Scrum Master,Senior Scrum Master,Mexico
Information Governance (Platform),Cloud Operations Manager,United States of America
Information Governance (Platform),Cloud Operations Manager,United States of America
Automated Testing Others,Automation QA Engineer with Java or Python,India
Automated Testing Others,Automation QA Engineer with Java or Python,India
Murex ECM,Murex Technical Consultant,Singapore
Murex ECM,Murex Technical Consultant,Singapore
C/C++,Senior GPU Compiler Software Development Engineer,Turkiye
C/C++,Senior GPU Compiler Software Development Engineer,Turkiye
Business Analysis,System management Analyst (Workday SCM),India
Business Analysis,System management Analyst (Workday SCM),India
Business Analysis,System management Analyst (Workday SCM),India
Business Analysis,System management Analyst (Workday SCM),India
Business Analysis,System management Analyst (Workday SCM),India
Business Analysis,System management Analyst (Workday SCM),India
Business Analysis,System management Analyst (Workday SCM),India
Business Analysis,System management Analyst (Workday SCM),India
Business Analysis,System management Analyst (Workday SCM),India
Business Analysis,System management Analyst (Workday SCM),India
Murex MxML,Senior Murex Integration Specialist,Canada
Murex MxML,Senior Murex Integration Specialist,Canada
Automated Testing Others,Senior System Test Engineer,Viet Nam
Automated Testing Others,Senior System Test Engineer,Viet Nam
C Embedded,Regular Embedded Software Engineer,Viet Nam
C Embedded,Regular Embedded Software Engineer,Viet Nam
Automated Testing C#,Senior AI QA Engineer:  PlayWright + .Net,India
Automated Testing C#,Senior AI QA Engineer:  PlayWright + .Net,India
Automated Testing C#,Senior AI QA Engineer:  PlayWright + .Net,India
Automated Testing C#,Senior AI QA Engineer:  PlayWright + .Net,India
C/C++ AUTOSAR,Senior Software Engineer (Platform),Mexico
C/C++ AUTOSAR,Senior Software Engineer (Platform),Mexico
Java, Senior Java Software Developer,Poland
Java, Senior Java Software Developer,Poland
Java, Senior Java Software Developer,Poland
Java, Senior Java Software Developer,Poland
Java, Senior Java Software Developer,Poland
Java, Senior Java Software Developer,Poland
Axiom,Axiom Developer,India
Axiom,Axiom Developer,India
Java,Senior Java Software Developer,Poland
Java,Senior Java Software Developer,Poland
Java,Senior Java Software Developer,Poland
Java,Senior Java Software Developer,Poland
Java,Senior Java Software Developer,Poland
Java,Senior Java Software Developer,Poland
Java,Senior Java Developer Fixed Income Cash,United States of America
Java,Senior Java Developer Fixed Income Cash,United States of America
Automated Testing Java,Senior QA Engineer,India
Automated Testing Java,Senior QA Engineer,India
Python,Senior Python/AI Engineer,India
Python,Senior Python/AI Engineer,India
Python,Senior Python/AI Engineer,India
Python,Senior Python/AI Engineer,India
Functional/System Analysis,Integration Analyst,Ukraine
Functional/System Analysis,Integration Analyst,Ukraine
Android,Senior Android Developer (Automotive OS Experience),Bulgaria
Android,Senior Android Developer (Automotive OS Experience),Bulgaria
Murex ECM,Murex Senior Environment Manager,Mexico
Murex ECM,Murex Senior Environment Manager,Mexico
Murex ECM,Murex Senior Environment Manager,Anywhere
Murex ECM,Murex Senior Environment Manager,Anywhere
Technical Support (SL2),Change & Release Management Engineer ,India
Technical Support (SL2),Change & Release Management Engineer ,India
Python,Senior Pyspark Developer,India
Python,Senior Pyspark Developer,India
Python,Senior Pyspark Developer,India
Python,Senior Pyspark Developer,India
DevOps,AWS Cloud DevOps Lead,India
DevOps,AWS Cloud DevOps Lead,India
Java,Senior Java Developer,Romania
Java,Senior Java Developer,Romania
Automated Testing Python,Lead QA Automation Engineer,United Arab Emirates
Automated Testing Python,Lead QA Automation Engineer,United Arab Emirates
Other System Languages,Blockchain SME,India
Other System Languages,Blockchain SME,India
Murex MxML,Senior Murex Integration Specialist,Canada
Murex MxML,Senior Murex Integration Specialist,Canada
Java,Senior Software Developer,Poland
Java,Senior Software Developer,Poland
Java,Senior Java Developer,Poland
Java,Senior Java Developer,Poland
C/C++,Senior C++ Developer (with Market Data experience),United States of America
C/C++,Senior C++ Developer (with Market Data experience),United States of America
Other System Languages,Salesforce Service Cloud Developer,India
Other System Languages,Salesforce Service Cloud Developer,India
Other System Languages,Salesforce Service Cloud Developer,India
Other System Languages,Salesforce Service Cloud Developer,India
Other System Languages,Salesforce Service Cloud Developer,India
Other System Languages,Salesforce Service Cloud Developer,India
Business Analysis,System management Analyst (Workday SCM),India
Business Analysis,System management Analyst (Workday SCM),India
Business Analysis,System management Analyst (Workday SCM),India
Business Analysis,System management Analyst (Workday SCM),India
Business Analysis,System management Analyst (Workday SCM),India
Business Analysis,System management Analyst (Workday SCM),India
DevOps,Citrix System Administrator,Ukraine
DevOps,Citrix System Administrator,Ukraine
Java,SeniorRegular GIS Java Developer,Ukraine
Java,SeniorRegular GIS Java Developer,Ukraine
C#/VB.NET,Senior/Lead Full-Stack Developer (.Net+Angular),Poland
C#/VB.NET,Senior/Lead Full-Stack Developer (.Net+Angular),Poland
Hogan,Senior Hogan ILP Developer,United States of America
Hogan,Senior Hogan ILP Developer,United States of America
DevOps,Senior CICS System Programmer,India
DevOps,Senior CICS System Programmer,India
DevOps,AWS Cloud DevOps Lead,India
DevOps,AWS Cloud DevOps Lead,India
DevOps,AWS Cloud DevOps Lead,India
DevOps,AWS Cloud DevOps Lead,India
DevOps,AWS Cloud DevOps Lead,India
DevOps,AWS Cloud DevOps Lead,India
DevOps,AWS Cloud DevOps Lead,India
DevOps,AWS Cloud DevOps Lead,India
Murex ERM,Murex Credit Risk Consultant,India
Murex ERM,Murex Credit Risk Consultant,India
Murex ERM,Murex Credit Risk Consultant,India
Murex ERM,Murex Credit Risk Consultant,India
Java,Senior Java Developer,India
Java,Senior Java Developer,India
C#/VB.NET,Senior/Lead Full-Stack Developer (.Net+Angular),Poland
C#/VB.NET,Senior/Lead Full-Stack Developer (.Net+Angular),Poland
Android,Senior Android Framework Developer (Android Automotive - Audio & Media Experts),India
Android,Senior Android Framework Developer (Android Automotive - Audio & Media Experts),India
C#/VB.NET,Senior/Lead Full-Stack Developer (.Net+Angular),Poland
C#/VB.NET,Senior/Lead Full-Stack Developer (.Net+Angular),Poland
C#/VB.NET,Senior/Lead Full-Stack Developer (.Net+Angular),Poland
C#/VB.NET,Senior/Lead Full-Stack Developer (.Net+Angular),Poland
C#/VB.NET,Senior/Lead Full-Stack Developer (.Net+Angular),Brazil
C#/VB.NET,Senior/Lead Full-Stack Developer (.Net+Angular),Brazil
C/C++,Senior GPU Compiler Software Development Engineer,Serbia
C/C++,Senior GPU Compiler Software Development Engineer,Serbia
C/C++,Senior GPU Compiler Software Development Engineer,Poland
C/C++,Senior GPU Compiler Software Development Engineer,Poland
C/C++,Senior GPU Compiler Software Development Engineer,Mexico
C/C++,Senior GPU Compiler Software Development Engineer,Mexico
C/C++,Senior GPU Compiler Software Development Engineer,Brazil
C/C++,Senior GPU Compiler Software Development Engineer,Brazil
Java,Senior Java Developer,Romania
Java,Senior Java Developer,Romania
Front-end React,Senior React Developer,Romania
Front-end React,Senior React Developer,Romania
C/C++,Senior GPU Compiler Software Development Engineer,Germany
C/C++,Senior GPU Compiler Software Development Engineer,Germany
Automated Testing Java,Senior QA Automation Engineer,Romania
Automated Testing Java,Senior QA Automation Engineer,Romania
Python,Senior Python Developer,India
Python,Senior Python Developer,India
Python,Senior Python Developer,India
Python,Senior Python Developer,India
Automated Testing C#,Senior QA Automation Engineer (C#),Poland
Automated Testing C#,Senior QA Automation Engineer (C#),Poland
Java Full Stack,Senior Java Full Stack  Engineer (with React and  AI skills),India
Java Full Stack,Senior Java Full Stack  Engineer (with React and  AI skills),India
Java Full Stack,Senior Java Full Stack  Engineer (with React and  AI skills),India
Java Full Stack,Senior Java Full Stack  Engineer (with React and  AI skills),India
Front-end React,Senior Front-End Developer,Poland
Front-end React,Senior Front-End Developer,Poland
Front-end React,Senior Front-End Developer,Poland
Front-end React,Senior Front-End Developer,Poland
Front-end React,Senior Front-End Developer,Ukraine
Front-end React,Senior Front-End Developer,Ukraine
Front-end React,Senior Front-End Developer,Serbia
Front-end React,Senior Front-End Developer,Serbia
Front-end React,Senior Front-End Developer,Poland
Front-end React,Senior Front-End Developer,Poland
Front-end React,Senior Front-End Developer,Canada
Front-end React,Senior Front-End Developer,Canada
Front-end React,Senior Front-End Developer,Poland
Front-end React,Senior Front-End Developer,Poland
Front-end React,Senior Front-End Developer,Poland
Front-end React,Senior Front-End Developer,Poland
Front-end React,Senior Front-End Developer,Serbia
Front-end React,Senior Front-End Developer,Serbia
UI/UX Design,Senior UI/UX Designer (Banking),Ukraine
UI/UX Design,Senior UI/UX Designer (Banking),Ukraine
Automated Testing C#,Senior QA Automation Engineer (C#),Poland
Automated Testing C#,Senior QA Automation Engineer (C#),Poland
Automated Testing C#,Senior QA Automation Engineer (C#),Poland
Automated Testing C#,Senior QA Automation Engineer (C#),Poland
Automated Testing C#,Senior QA Automation Engineer (C#),Ukraine
Automated Testing C#,Senior QA Automation Engineer (C#),Ukraine
Automated Testing C#,Senior QA Automation Engineer (C#),Poland
Automated Testing C#,Senior QA Automation Engineer (C#),Poland
Automated Testing C#,Senior QA Automation Engineer (C#),United Arab Emirates
Automated Testing C#,Senior QA Automation Engineer (C#),United Arab Emirates
C Embedded,Lab Engineer - Senior Member of Technical Staff (SMTS),Poland
C Embedded,Lab Engineer - Senior Member of Technical Staff (SMTS),Poland
Software - Other,"Technical Team Lead, Hardware Security Platform (PMTS)",Poland
Software - Other,"Technical Team Lead, Hardware Security Platform (PMTS)",Poland
C/C++,Senior C++ developer,Malaysia
C/C++,Senior C++ developer,Malaysia
C/C++,Senior C++ developer,Serbia
C/C++,Senior C++ developer,Serbia
Java,Senior Java Developer,Ukraine
Java,Senior Java Developer,Ukraine
"Other Vendor specific (Quantum, Coremont etc.)",Senior Xceptor Developer,India
"Other Vendor specific (Quantum, Coremont etc.)",Senior Xceptor Developer,India
AI/ML,Azure AI Data Engineer,India
AI/ML,Azure AI Data Engineer,India
Technical Project Management,Software Project Manager,Malaysia
Technical Project Management,Software Project Manager,Malaysia
Business Analysis,Senior Business & Functional Analyst,India
Business Analysis,Senior Business & Functional Analyst,India
Java,Senior Java Developer,Romania
Java,Senior Java Developer,Romania
Manual Testing,Experienced Bug Hunter ,Romania
Manual Testing,Experienced Bug Hunter ,Romania
Scrum Master,Technical Scrum Lead,India
Scrum Master,Technical Scrum Lead,India
Automated Testing Java,QA Automation Engineer,United States of America
Automated Testing Java,QA Automation Engineer,United States of America
Java Full Stack,Full Stack Java Web Developer,United States of America
Java Full Stack,Full Stack Java Web Developer,United States of America
Java Full Stack,Full Stack Java Web Developer,United Kingdom of Great Britain and Northern Ireland
Java Full Stack,Full Stack Java Web Developer,United Kingdom of Great Britain and Northern Ireland
Java Full Stack,Full Stack Java Developer,Romania
Java Full Stack,Full Stack Java Developer,Romania
Automated Testing Java,QA Automation Engineer,Romania
Automated Testing Java,QA Automation Engineer,Romania
Sales Professional,Sales Executive ,United Kingdom of Great Britain and Northern Ireland
Sales Professional,Sales Executive ,United Kingdom of Great Britain and Northern Ireland
C/C++,Senior C++ Software Engineer with Unreal Engine,Romania
C/C++,Senior C++ Software Engineer with Unreal Engine,Romania
C/C++,Senior C++ Software Engineer with Unreal Engine,Poland
C/C++,Senior C++ Software Engineer with Unreal Engine,Poland
C/C++,Senior C++ Software Engineer with Unreal Engine,Bulgaria
C/C++,Senior C++ Software Engineer with Unreal Engine,Bulgaria
Sales Professional,Sales Executive,Germany
Sales Professional,Sales Executive,Germany
Manual Testing,Junior Test Engineer,Romania
Manual Testing,Junior Test Engineer,Romania
Hogan,Senior Hogan CIS Developer,United States of America
Hogan,Senior Hogan CIS Developer,United States of America
DevOps,"Senior DevOps Engineer (AWS, Terraform & Amazon Bedrock)",India
DevOps,"Senior DevOps Engineer (AWS, Terraform & Amazon Bedrock)",India
DevOps,"Senior DevOps Engineer (AWS, Terraform & Amazon Bedrock)",India
DevOps,"Senior DevOps Engineer (AWS, Terraform & Amazon Bedrock)",India
DevOps,"Senior DevOps Engineer (AWS, Terraform & Amazon Bedrock)",India
DevOps,"Senior DevOps Engineer (AWS, Terraform & Amazon Bedrock)",India
DevOps,DevOps Engineer,India
DevOps,DevOps Engineer,India
DevOps,DevOps Engineer,India
DevOps,DevOps Engineer,India
IT Infrastructure Engineering,Infra Specialist,India
IT Infrastructure Engineering,Infra Specialist,India
Technical Support (SL2),Change & Release Management Engineer ,India
Technical Support (SL2),Change & Release Management Engineer ,India
Technical Support (SL2),Change & Release Management Engineer ,India
Technical Support (SL2),Change & Release Management Engineer ,India
Temenos,Temenos TAP developer,India
Temenos,Temenos TAP developer,India
AI/ML,Senior Deep Learning Engineer,Poland
AI/ML,Senior Deep Learning Engineer,Poland
Manual Testing,Regular Test Engineer (Environmental Validation),United States of America
Manual Testing,Regular Test Engineer (Environmental Validation),United States of America
Python,Senior SW Engineer (Backend - events),Poland
Python,Senior SW Engineer (Backend - events),Poland
Python,Senior Backend Engineer (Cloud),Poland
Python,Senior Backend Engineer (Cloud),Poland
C Embedded,"Senior Middleware Engineer (Linux, C++)",Poland
C Embedded,"Senior Middleware Engineer (Linux, C++)",Poland
Hogan,Hogan Solution Architect,Anywhere
Hogan,Hogan Solution Architect,Anywhere
Business Analysis,Front Office Business Analyst,United Kingdom of Great Britain and Northern Ireland
Business Analysis,Front Office Business Analyst,United Kingdom of Great Britain and Northern Ireland
Software/System Architecture,Solution Architect,India
Software/System Architecture,Solution Architect,India
Software/System Architecture,Solution Architect,India
Software/System Architecture,Solution Architect,India
Software/System Architecture,Solution Architect,India
Software/System Architecture,Solution Architect,India
Java Full Stack,Senior Full Stack Developer AI-Assisted,Switzerland
Java Full Stack,Senior Full Stack Developer AI-Assisted,Switzerland
Murex Others,Murex DevOps,Canada
Murex Others,Murex DevOps,Canada
Murex Others,Murex DevOps,Brazil
Murex Others,Murex DevOps,Brazil
AI/ML,Senior AI Platform Engineer,Canada
AI/ML,Senior AI Platform Engineer,Canada
AI/ML,Senior AI Platform Engineer,United States of America
AI/ML,Senior AI Platform Engineer,United States of America
C/C++,GPU Software Engineer (Graphics / ML),Serbia
C/C++,GPU Software Engineer (Graphics / ML),Serbia
C/C++,GPU Software Engineer (Graphics / ML),Poland
C/C++,GPU Software Engineer (Graphics / ML),Poland
Front-end React,Senior Frontend Engineer (React / GraphQL),Viet Nam
Front-end React,Senior Frontend Engineer (React / GraphQL),Viet Nam
Front-end React,Senior Frontend Engineer (React / GraphQL),China
Front-end React,Senior Frontend Engineer (React / GraphQL),China
Front-end React,Senior Frontend Engineer (React / GraphQL),Malaysia
Front-end React,Senior Frontend Engineer (React / GraphQL),Malaysia
Front-end React,Senior Frontend Engineer (React / GraphQL),Malaysia
Front-end React,Senior Frontend Engineer (React / GraphQL),Malaysia
Technical Project Management,Senior PM,United States of America
Technical Project Management,Senior PM,United States of America
Sales Professional,Sales Executive,Romania
Sales Professional,Sales Executive,Romania
Sales Professional,Sales Executive,Poland
Sales Professional,Sales Executive,Poland
BI Engineering,Senior Data Backend Engineer (Python / Databricks / Azure),Viet Nam
BI Engineering,Senior Data Backend Engineer (Python / Databricks / Azure),Viet Nam
BI Engineering,Senior Data Backend Engineer (Python / Databricks / Azure),China
BI Engineering,Senior Data Backend Engineer (Python / Databricks / Azure),China
BI Engineering,Senior Data Backend Engineer (Python / Databricks / Azure),Malaysia
BI Engineering,Senior Data Backend Engineer (Python / Databricks / Azure),Malaysia
BI Engineering,Senior Data Backend Engineer (Python / Databricks / Azure),Malaysia
BI Engineering,Senior Data Backend Engineer (Python / Databricks / Azure),Malaysia
Functional/System Analysis,Senior Systems Engineer,Sweden
Functional/System Analysis,Senior Systems Engineer,Sweden
DevOps,Senior DevOps Engineer,Romania
DevOps,Senior DevOps Engineer,Romania
Automated Testing Python,Automation Quality Engineer,India
Automated Testing Python,Automation Quality Engineer,India
Business Analysis,Enterprise Resource Planning Analyst (Workday Reports & Integrations),United States of America
Business Analysis,Enterprise Resource Planning Analyst (Workday Reports & Integrations),United States of America
Automated Testing Python,Automation QA Engineer ,China
Automated Testing Python,Automation QA Engineer ,China
DevOps,Senior DevOps Engineer,China
DevOps,Senior DevOps Engineer,China
Technical Project Management,"Platform Integration Planning Lead (Gaydon, UK)",United Kingdom of Great Britain and Northern Ireland
Technical Project Management,"Platform Integration Planning Lead (Gaydon, UK)",United Kingdom of Great Britain and Northern Ireland
Java,Senior Java Developer (Azure Cloud & Search Platforms),India
Java,Senior Java Developer (Azure Cloud & Search Platforms),India
Technical Support (SL1),L1 Production Support Engineer,India
Technical Support (SL1),L1 Production Support Engineer,India
Technical Support (SL1),L1 Production Support Engineer,India
Technical Support (SL1),L1 Production Support Engineer,India
Delivery Project Management,Project Manager,France
Delivery Project Management,Project Manager,France
Delivery Project Management,Project Manager,United Kingdom of Great Britain and Northern Ireland
Delivery Project Management,Project Manager,United Kingdom of Great Britain and Northern Ireland
DevOps,Cloud Platform Engineer,India
DevOps,Cloud Platform Engineer,India
SAP,SAP Fiori/UI5 Developer (ABAP Background),India
SAP,SAP Fiori/UI5 Developer (ABAP Background),India
Automated Testing Java,Senior Quality Assurance Engineer,Malaysia
Automated Testing Java,Senior Quality Assurance Engineer,Malaysia
Automated Testing Java,Senior Quality Assurance Engineer,Serbia
Automated Testing Java,Senior Quality Assurance Engineer,Serbia
DevOps,DevOps Engineer Intern,Mexico
DevOps,DevOps Engineer Intern,Mexico
DevOps,Senior DevOps Engineer with GCP,India
DevOps,Senior DevOps Engineer with GCP,India
DevOps,Senior DevOps Engineer with GCP,India
DevOps,Senior DevOps Engineer with GCP,India
Front-end React,Expert/Lead React Developer,Poland
Front-end React,Expert/Lead React Developer,Poland
Front-end React,Expert/Lead React Developer,Poland
Front-end React,Expert/Lead React Developer,Poland
Front-end React,Expert/Lead React Developer,Poland
Front-end React,Expert/Lead React Developer,Poland
Android,Lead Android Automotive Framework Developer,Spain
Android,Lead Android Automotive Framework Developer,Spain
Android,Senior Android Developer,Sweden
Android,Senior Android Developer,Sweden
Python,Python Full Stack (with React),Ukraine
Python,Python Full Stack (with React),Ukraine
Python,Python Full Stack (with React),Romania
Python,Python Full Stack (with React),Romania
Python,Python Full Stack (with React),Poland
Python,Python Full Stack (with React),Poland
Python,Python Full Stack (with React),India
Python,Python Full Stack (with React),India
C/C++ AUTOSAR,Embedded C/C++ Software Engineer,Netherlands
C/C++ AUTOSAR,Embedded C/C++ Software Engineer,Netherlands
Go,Full Stack Developer - GO / React,Malaysia
Go,Full Stack Developer - GO / React,Malaysia
Go,Full Stack Developer - GO / React,Malaysia
Go,Full Stack Developer - GO / React,Malaysia
Go,Senior Full Stack Developer - GO / React,Malaysia
Go,Senior Full Stack Developer - GO / React,Malaysia
Go,Senior Full Stack Developer - GO / React,Malaysia
Go,Senior Full Stack Developer - GO / React,Malaysia
Murex MxML,Murex Migration Lead,India
Murex MxML,Murex Migration Lead,India
Software - Other,Senior KDB+ Developer,Poland
Software - Other,Senior KDB+ Developer,Poland
Software - Other,Senior KDB+ Developer,Poland
Software - Other,Senior KDB+ Developer,Poland
Java,Senior Java Developer,Ukraine
Java,Senior Java Developer,Ukraine
Manual Testing,Regular Manual QA Engineer (basic automation skills),Romania
Manual Testing,Regular Manual QA Engineer (basic automation skills),Romania
Functional/System Analysis,Senior System Analyst/ITBA,Malaysia
Functional/System Analysis,Senior System Analyst/ITBA,Malaysia
Data Platform Engineering,Data Engineer,India
Data Platform Engineering,Data Engineer,India
Delivery Project Management,Senior Project Management Officer,Romania
Delivery Project Management,Senior Project Management Officer,Romania
Technical Project Management,Junior Team Coordinator  - Infrastructure Architecture,Romania
Technical Project Management,Junior Team Coordinator  - Infrastructure Architecture,Romania
LoB Operational Partner,Business Operations Partner CES Europe,Ukraine
LoB Operational Partner,Business Operations Partner CES Europe,Ukraine
LoB Operational Partner,Business Operations Partner CES Europe,Romania
LoB Operational Partner,Business Operations Partner CES Europe,Romania
Information Governance (Application),Senior L2 Support Specialist,Romania
Information Governance (Application),Senior L2 Support Specialist,Romania
Murex ERM,Murex Market Risk Consultant,Singapore
Murex ERM,Murex Market Risk Consultant,Singapore
"Other Vendor specific (Quantum, Coremont etc.)",PCC Technology Lead,India
"Other Vendor specific (Quantum, Coremont etc.)",PCC Technology Lead,India
"Other Vendor specific (Quantum, Coremont etc.)",PCC Technology Lead,India
"Other Vendor specific (Quantum, Coremont etc.)",PCC Technology Lead,India
"Other Vendor specific (Quantum, Coremont etc.)",PCC Technology Lead,India
"Other Vendor specific (Quantum, Coremont etc.)",PCC Technology Lead,India
Murex Testing,IT PM (QA/Release),Poland
Murex Testing,IT PM (QA/Release),Poland
Murex Testing,IT PM (QA/Release),India
Murex Testing,IT PM (QA/Release),India
UI/UX Design,Senior UX Designer,Ukraine
UI/UX Design,Senior UX Designer,Ukraine
AI/ML,AI engineer with Agentic experience,United States of America
AI/ML,AI engineer with Agentic experience,United States of America
Automated Testing Python,QA Automation with Python,Romania
Automated Testing Python,QA Automation with Python,Romania
Automated Testing Python,QA Automation with Python,Poland
Automated Testing Python,QA Automation with Python,Poland
C/C++,C++ Senior Developer,Poland
C/C++,C++ Senior Developer,Poland
C/C++,C++ Senior Developer,United Kingdom of Great Britain and Northern Ireland
C/C++,C++ Senior Developer,United Kingdom of Great Britain and Northern Ireland
C/C++,C++ Senior Developer,Poland
C/C++,C++ Senior Developer,Poland
Java,Senior Java Developer,Poland
Java,Senior Java Developer,Poland
Axiom,Axiom Tester,India
Axiom,Axiom Tester,India
Solution/Integration Architecture,Solution Architect,India
Solution/Integration Architecture,Solution Architect,India
Solution/Integration Architecture,Solution Architect,India
Solution/Integration Architecture,Solution Architect,India
Solution/Integration Architecture,Solution Architect,India
Solution/Integration Architecture,Solution Architect,India
AI/ML,Senior MLOps Engineer / Data Scientist,India
AI/ML,Senior MLOps Engineer / Data Scientist,India
Scrum Master,Technical Scrum Lead,India
Scrum Master,Technical Scrum Lead,India
Software/System Architecture,Lead Engineer/Architect,Romania
Software/System Architecture,Lead Engineer/Architect,Romania
Software/System Architecture,Lead Engineer/Architect,Poland
Software/System Architecture,Lead Engineer/Architect,Poland
Technical Support (SL3),Senior L3 Production Support (Microservices),Malaysia
Technical Support (SL3),Senior L3 Production Support (Microservices),Malaysia
C Embedded,Embedded BSP Engineer - Automotive Infotainment,Germany
C Embedded,Embedded BSP Engineer - Automotive Infotainment,Germany
Other Consulting,Market Data Specialist,United Kingdom of Great Britain and Northern Ireland
Other Consulting,Market Data Specialist,United Kingdom of Great Britain and Northern Ireland
Other Consulting,Market Data Specialist,Switzerland
Other Consulting,Market Data Specialist,Switzerland
Java Full Stack,Senior Java Full Stack Developer with React,India
Java Full Stack,Senior Java Full Stack Developer with React,India
Java Full Stack,Senior Java Full Stack Developer with React,India
Java Full Stack,Senior Java Full Stack Developer with React,India
Python,Senior Python Developer,India
Python,Senior Python Developer,India
Python,Senior Python Developer,India
Python,Senior Python Developer,India
Front-end Angular,Senior UI Developer,India
Front-end Angular,Senior UI Developer,India
Front-end Angular,Senior UI Developer,India
Front-end Angular,Senior UI Developer,India
Murex ERM,Murex Consultant,Canada
Murex ERM,Murex Consultant,Canada
Murex ERM,Murex Consultant,Mexico
Murex ERM,Murex Consultant,Mexico
BPM Appian,Junior Appian Developer,India
BPM Appian,Junior Appian Developer,India
Software/System Architecture,"Principal Developer, Java Backend with Angular ",Germany
Software/System Architecture,"Principal Developer, Java Backend with Angular ",Germany
Software/System Architecture,"Principal Developer, Java Backend with Angular ",Bulgaria
Software/System Architecture,"Principal Developer, Java Backend with Angular ",Bulgaria
Software/System Architecture,"Principal Developer, Java Backend with Angular ",Germany
Software/System Architecture,"Principal Developer, Java Backend with Angular ",Germany
Technical Project Management,Technical Project Manager,United Kingdom of Great Britain and Northern Ireland
Technical Project Management,Technical Project Manager,United Kingdom of Great Britain and Northern Ireland
Technical Project Management,Technical Project Manager,Switzerland
Technical Project Management,Technical Project Manager,Switzerland
DevOps,Azure Platform Engineer,Poland
DevOps,Azure Platform Engineer,Poland
Manual Testing,Junior Connectivity Test Engineer for Automotive Project ,Romania
Manual Testing,Junior Connectivity Test Engineer for Automotive Project ,Romania
Cobol (Mainframe),MSS Mainframe Developer,India
Cobol (Mainframe),MSS Mainframe Developer,India
Cobol (Mainframe),MSS Mainframe Developer,India
Cobol (Mainframe),MSS Mainframe Developer,India
Cobol (Mainframe),MSS Mainframe Developer,India
Cobol (Mainframe),MSS Mainframe Developer,India
Automated Testing Python,Test Automation Engineer (In-Vehicle Infotainment),China
Automated Testing Python,Test Automation Engineer (In-Vehicle Infotainment),China
Engineering Program Management,Test Manager (In-Vehicle Infotainment),China
Engineering Program Management,Test Manager (In-Vehicle Infotainment),China
C#/VB.NET,.Net Software Developer,India
C#/VB.NET,.Net Software Developer,India
C#/VB.NET,.Net Software Developer,India
C#/VB.NET,.Net Software Developer,India
Murex ECM,Murex Technical Expert,Anywhere
Murex ECM,Murex Technical Expert,Anywhere
Java,Full stack Java Developer,United States of America
Java,Full stack Java Developer,United States of America
Java,Full stack Java Developer,United States of America
Java,Full stack Java Developer,United States of America
Automated Testing Others,Senior ETL Tester,India
Automated Testing Others,Senior ETL Tester,India
Front-end React,Senior React Developer,India
Front-end React,Senior React Developer,India
Python,Senior Python Developer,India
Python,Senior Python Developer,India
Java,"Senior Java Developer (Spark, Hadoop)",Ukraine
Java,"Senior Java Developer (Spark, Hadoop)",Ukraine
Software/System Architecture,Modernization Architect,Spain
Software/System Architecture,Modernization Architect,Spain
Software/System Architecture,Modernization Architect,Serbia
Software/System Architecture,Modernization Architect,Serbia
Solution/Integration Architecture,AI Technical Lead,United States of America
Solution/Integration Architecture,AI Technical Lead,United States of America
Murex Testing,IT PM (QA/Release),Brazil
Murex Testing,IT PM (QA/Release),Brazil
Murex Testing,IT PM (QA/Release),Mexico
Murex Testing,IT PM (QA/Release),Mexico
Java,Senior Java with AI Experience,United States of America
Java,Senior Java with AI Experience,United States of America
Information Governance (Application),Full Stack Engineer (Python/React),India
Information Governance (Application),Full Stack Engineer (Python/React),India
Domain Specific Languages,Senior AI Developer (Automators),Poland
Domain Specific Languages,Senior AI Developer (Automators),Poland
Domain Specific Languages,Senior AI Developer (Automators),Mexico
Domain Specific Languages,Senior AI Developer (Automators),Mexico
Solution/Integration Architecture,Security Architect - Advanced Threat Response,Romania
Solution/Integration Architecture,Security Architect - Advanced Threat Response,Romania
Cybersecurity,SOAR Engineer,Romania
Cybersecurity,SOAR Engineer,Romania
DevOps,Senior DevOps Engineer,India
DevOps,Senior DevOps Engineer,India
DevOps,Senior DevOps Engineer with AWS,Romania
DevOps,Senior DevOps Engineer with AWS,Romania
DevOps,Senior DevOps Engineer with AWS,Poland
DevOps,Senior DevOps Engineer with AWS,Poland
Manual Testing,Junior Test Engineer,Romania
Manual Testing,Junior Test Engineer,Romania
Java,Senior Java Developer,India
Java,Senior Java Developer,India
Other Scripting Languages,Regular RPA Developer (Blue Prism),Romania
Other Scripting Languages,Regular RPA Developer (Blue Prism),Romania
Manual Testing,Senior Manual QA Engineer,Ukraine
Manual Testing,Senior Manual QA Engineer,Ukraine
Scrum Master,Senior Scrum Master,Poland
Scrum Master,Senior Scrum Master,Poland
Business Analysis,"Senior Technical Analyst (MIS reporting, Banking)",Romania
Business Analysis,"Senior Technical Analyst (MIS reporting, Banking)",Romania
Cybersecurity,Cyber Hygiene Security Engineer / Developer,Romania
Cybersecurity,Cyber Hygiene Security Engineer / Developer,Romania
Manual Testing,Senior Manual QA Engineer ,Ukraine
Manual Testing,Senior Manual QA Engineer ,Ukraine
Data Science,AI Data Science Engineer,Romania
Data Science,AI Data Science Engineer,Romania
Automated Testing Java,Java Test Automation Engineer,India
Automated Testing Java,Java Test Automation Engineer,India
Solution/Integration Architecture,AI Technical Lead,United States of America
Solution/Integration Architecture,AI Technical Lead,United States of America
Automated Testing Python,Senior AQA Engineer ,Canada
Automated Testing Python,Senior AQA Engineer ,Canada
Murex MxML,Murex Tech Integration Analyst,Canada
Murex MxML,Murex Tech Integration Analyst,Canada
C#/VB.NET,Senior Full Stack Engineer (.NET/Angular),Serbia
C#/VB.NET,Senior Full Stack Engineer (.NET/Angular),Serbia
C#/VB.NET,.NET Engineer,India
C#/VB.NET,.NET Engineer,India
BI Engineering,MicroStrategy Developer,India
BI Engineering,MicroStrategy Developer,India
SQL (PL/SQL - Oracle),Oracle Databases Developer,India
SQL (PL/SQL - Oracle),Oracle Databases Developer,India
Requirements Engineering,System Design Engineer,Sweden
Requirements Engineering,System Design Engineer,Sweden
Automated Testing Java,QA Automation Engineer,Romania
Automated Testing Java,QA Automation Engineer,Romania
DevOps,Senior DevOps Engineer,India
DevOps,Senior DevOps Engineer,India
Java Full Stack,Senior Full-stack Developer (Java & Angular),Romania
Java Full Stack,Senior Full-stack Developer (Java & Angular),Romania
Java Full Stack,Senior Full stack Developer with AI assisted coding,India
Java Full Stack,Senior Full stack Developer with AI assisted coding,India
Java,Senior Java Developer,India
Java,Senior Java Developer,India
QML (Qt), QTQML Engineer,Malaysia
QML (Qt), QTQML Engineer,Malaysia
Pre-Sales Support,Customer Demand Specialist -  French Speaker,Romania
Pre-Sales Support,Customer Demand Specialist -  French Speaker,Romania
Pre-Sales Support,Customer Demand Specialist -  German Speaker,Romania
Pre-Sales Support,Customer Demand Specialist -  German Speaker,Romania
Front-end React,Fullstack Developer (React + Python),Romania
Front-end React,Fullstack Developer (React + Python),Romania
Front-end React,Fullstack Developer (React + Python),Poland
Front-end React,Fullstack Developer (React + Python),Poland
Automated Testing Python,Senior QA Engineer with Networking and Physical Layer,Romania
Automated Testing Python,Senior QA Engineer with Networking and Physical Layer,Romania
Automated Testing Python,Senior QA Automation (Python) with Networking and STC,Romania
Automated Testing Python,Senior QA Automation (Python) with Networking and STC,Romania
Automated Testing Python,Senior QA Automation (Python) with Networking,Romania
Automated Testing Python,Senior QA Automation (Python) with Networking,Romania
C/C++,C++ / Backend Engineer,Ukraine
C/C++,C++ / Backend Engineer,Ukraine
C/C++,C++ / Backend Engineer,Romania
C/C++,C++ / Backend Engineer,Romania
C/C++,C++ / Backend Engineer,Poland
C/C++,C++ / Backend Engineer,Poland
AI/ML,AI Architect,India
AI/ML,AI Architect,India
AI/ML,AI Architect,India
AI/ML,AI Architect,India
AI/ML,AI Architect,India
AI/ML,AI Architect,India
AI/ML,Semantic AI/ML Engineer,United Kingdom of Great Britain and Northern Ireland
AI/ML,Semantic AI/ML Engineer,United Kingdom of Great Britain and Northern Ireland
AI/ML,Semantic AI/ML Engineer,India
AI/ML,Semantic AI/ML Engineer,India
AI/ML,Semantic AI/ML Engineer,India
AI/ML,Semantic AI/ML Engineer,India
AI/ML,Semantic AI/ML Engineer,India
AI/ML,Semantic AI/ML Engineer,India
AI/ML,Semantic AI/ML Engineer,United Kingdom of Great Britain and Northern Ireland
AI/ML,Semantic AI/ML Engineer,United Kingdom of Great Britain and Northern Ireland
Android,Android Developer for Automotive Project,Romania
Android,Android Developer for Automotive Project,Romania
Java,Java Developer with DevOps/Infrastructure ,India
Java,Java Developer with DevOps/Infrastructure ,India
Java,Senior Full Stack Developer with DevOps ,Singapore
Java,Senior Full Stack Developer with DevOps ,Singapore
DevOps,Senior DevOps + MLOps  Engineer,India
DevOps,Senior DevOps + MLOps  Engineer,India
DevOps,Senior DevOps + MLOps  Engineer,India
DevOps,Senior DevOps + MLOps  Engineer,India
Java Full Stack,Software Developer,United States of America
Java Full Stack,Software Developer,United States of America
Delivery Project Management,Senior Project Manager,United States of America
Delivery Project Management,Senior Project Manager,United States of America
Engineering Program Management,Test Manager (In-Vehicle Infotainment),China
Engineering Program Management,Test Manager (In-Vehicle Infotainment),China
Automated Testing Python,Test Automation Engineer (In-Vehicle Infotainment),China
Automated Testing Python,Test Automation Engineer (In-Vehicle Infotainment),China
C#/VB.NET,Software Developer | C#/.NET + ReactJS (Full-Stack Web),Romania
C#/VB.NET,Software Developer | C#/.NET + ReactJS (Full-Stack Web),Romania
C#/VB.NET,Software Developer | C#/.NET + ReactJS (Full-Stack Web),Poland
C#/VB.NET,Software Developer | C#/.NET + ReactJS (Full-Stack Web),Poland
Automated Testing Java,Test Lead,India
Automated Testing Java,Test Lead,India
DevOps,Site Reliability Engineer,Romania
DevOps,Site Reliability Engineer,Romania
Java,Intermediate Code Warrior ,Romania
Java,Intermediate Code Warrior ,Romania
Business Analysis,Senior Requirements Engineer -Digital Investments,Romania
Business Analysis,Senior Requirements Engineer -Digital Investments,Romania
Business Analysis,Senior Requirements Engineer - API and system integrations,Romania
Business Analysis,Senior Requirements Engineer - API and system integrations,Romania
Business Analysis,Senior Requirements Engineer ,Romania
Business Analysis,Senior Requirements Engineer ,Romania
DevOps,Senior DevOps Engineer,India
DevOps,Senior DevOps Engineer,India
DevOps,Senior DevOps Engineer,India
DevOps,Senior DevOps Engineer,India
DevOps,Senior DevOps Engineer,India
DevOps,Senior DevOps Engineer,India
DevOps,Senior DevOps Engineer,India
DevOps,Senior DevOps Engineer,India
Java Full Stack,Senior Full Stack Developer (Java + React),Singapore
Java Full Stack,Senior Full Stack Developer (Java + React),Singapore
Java,Senior Java Developer ,United States of America
Java,Senior Java Developer ,United States of America
Business Analysis,Senior Salesforce Data Analyst/Business Analyst,India
Business Analysis,Senior Salesforce Data Analyst/Business Analyst,India
Business Analysis,Senior Salesforce Data Analyst/Business Analyst,India
Business Analysis,Senior Salesforce Data Analyst/Business Analyst,India
Other System Languages,Senior Salesforce Integration Developer,India
Other System Languages,Senior Salesforce Integration Developer,India
Other System Languages,Senior Salesforce Integration Developer,India
Other System Languages,Senior Salesforce Integration Developer,India
Technical Writing,IT Systems Management Analyst - Technical Writer,India
Technical Writing,IT Systems Management Analyst - Technical Writer,India
iOS (Objective-C/Swift),Regular/Senior iOS Developer (Mobile Apps),India
iOS (Objective-C/Swift),Regular/Senior iOS Developer (Mobile Apps),India
Java,Java Team Lead,Poland
Java,Java Team Lead,Poland
Java,Java Team Lead,Poland
Java,Java Team Lead,Poland
Java,Java Team Lead,Ukraine
Java,Java Team Lead,Ukraine
Java,Java Team Lead,Poland
Java,Java Team Lead,Poland
Java,Java Team Lead,Poland
Java,Java Team Lead,Poland
Business Analysis,Trading Technology Business Analyst (Low Latency Trading),Hong Kong
Business Analysis,Trading Technology Business Analyst (Low Latency Trading),Hong Kong
Delivery Project Management,Senior Trading Infrastructure / Network Project Manager,Japan
Delivery Project Management,Senior Trading Infrastructure / Network Project Manager,Japan
Business Analysis,Trading Technology Business Analyst (Low Latency Trading),Japan
Business Analysis,Trading Technology Business Analyst (Low Latency Trading),Japan
Other Packaged Software,Senior Power Apps Developer,India
Other Packaged Software,Senior Power Apps Developer,India
Other Packaged Software,Senior Power BI Developer,Mexico
Other Packaged Software,Senior Power BI Developer,Mexico
Other Packaged Software,Senior Power BI Developer,Brazil
Other Packaged Software,Senior Power BI Developer,Brazil
Other Packaged Software,Senior Power BI Developer,Argentina
Other Packaged Software,Senior Power BI Developer,Argentina
Automated Testing Others,Senior System Test Tools Developer,United States of America
Automated Testing Others,Senior System Test Tools Developer,United States of America
Solutions Management,Senior Capital Markets Solutions Lead,Australia
Solutions Management,Senior Capital Markets Solutions Lead,Australia
Solutions Management,Senior Capital Markets Solutions Lead,Australia
Solutions Management,Senior Capital Markets Solutions Lead,Australia
Murex ERM,Senior Murex MLC Consultant,Singapore
Murex ERM,Senior Murex MLC Consultant,Singapore
Murex MxML,Murex MxML Developer,Singapore
Murex MxML,Murex MxML Developer,Singapore
Murex ERM,Lead Murex Market Risk System Analyst,Singapore
Murex ERM,Lead Murex Market Risk System Analyst,Singapore
Python,Lead Network Observability Developer,India
Python,Lead Network Observability Developer,India
Python,Lead Network Observability Developer,India
Python,Lead Network Observability Developer,India
Python,Lead Network Observability Developer,India
Python,Lead Network Observability Developer,India
Python,Lead Network Observability Developer,India
Python,Lead Network Observability Developer,India
Technical Support (SL2),Microsoft Power Platform Tech Support Specialist,India
Technical Support (SL2),Microsoft Power Platform Tech Support Specialist,India
Front-end React,Regular React/UI Developer with UX Background,Poland
Front-end React,Regular React/UI Developer with UX Background,Poland
Murex ERM,Murex Consultant,Brazil
Murex ERM,Murex Consultant,Brazil
AI/ML,Semantic AI/ML Architect,India
AI/ML,Semantic AI/ML Architect,India
AI/ML,Semantic AI/ML Architect,India
AI/ML,Semantic AI/ML Architect,India
AI/ML,Semantic AI/ML Architect,India
AI/ML,Semantic AI/ML Architect,India
Cybersecurity,Information Security Specialist,Romania
Cybersecurity,Information Security Specialist,Romania
Java,Senior Java & Cloud Software Engineer,Romania
Java,Senior Java & Cloud Software Engineer,Romania
C#/VB.NET,Senior .NET Engineer,Poland
C#/VB.NET,Senior .NET Engineer,Poland
Python,Senior Python AI Developer,Romania
Python,Senior Python AI Developer,Romania
Calypso,Calypso BA,Mexico
Calypso,Calypso BA,Mexico
C/C++,Senior Software Engineer - Android &amp; Native C++ Integration,Poland
C/C++,Senior Software Engineer - Android &amp; Native C++ Integration,Poland
Manual Testing,Field Test Engineer,Germany
Manual Testing,Field Test Engineer,Germany
Data Reporting & Analysis,Senior Data Analyst,Malaysia
Data Reporting & Analysis,Senior Data Analyst,Malaysia
Automated Testing Java,Senior QA Automation Engineer,Serbia
Automated Testing Java,Senior QA Automation Engineer,Serbia
Automated Testing Java,Senior QA Automation Engineer,Poland
Automated Testing Java,Senior QA Automation Engineer,Poland
Java,Regular- Senior Java Developer,Romania
Java,Regular- Senior Java Developer,Romania
Murex Others,Murex Ops BA,United States of America
Murex Others,Murex Ops BA,United States of America
Murex Others,Murex Ops BA,Mexico
Murex Others,Murex Ops BA,Mexico
Murex Others,Murex Ops BA,Canada
Murex Others,Murex Ops BA,Canada
Murex Others,Murex Techno-Functional BA,United States of America
Murex Others,Murex Techno-Functional BA,United States of America
Murex Others,Murex Techno-Functional BA,Mexico
Murex Others,Murex Techno-Functional BA,Mexico
Murex Others,Murex Techno-Functional BA,Canada
Murex Others,Murex Techno-Functional BA,Canada
AI/ML,Data Architect,India
AI/ML,Data Architect,India
AI/ML,Data Architect,India
AI/ML,Data Architect,India
AI/ML,Data Architect,India
AI/ML,Data Architect,India
DevOps,Senior Cloud Integration Engineer,Sweden
DevOps,Senior Cloud Integration Engineer,Sweden
DevOps,Senior Cloud Integration Engineer,Anywhere
DevOps,Senior Cloud Integration Engineer,Anywhere
C/C++,Senior Software Engineer (Linux),Poland
C/C++,Senior Software Engineer (Linux),Poland
Other System Languages,Salesforce Service Cloud Developer,India
Other System Languages,Salesforce Service Cloud Developer,India
C#/VB.NET,PowerApps Regular Software Engineer,Poland
C#/VB.NET,PowerApps Regular Software Engineer,Poland
Murex Others,Murex DevOps,Mexico
Murex Others,Murex DevOps,Mexico
Murex Others,Murex Target Operating Model PMO,United States of America
Murex Others,Murex Target Operating Model PMO,United States of America
Murex Others,Murex Target Operating Model PMO,Mexico
Murex Others,Murex Target Operating Model PMO,Mexico
Murex Others,Murex Target Operating Model PMO,Canada
Murex Others,Murex Target Operating Model PMO,Canada
AI/ML,ML Engineer,Serbia
AI/ML,ML Engineer,Serbia
C Embedded,Lab Engineer ,Poland
C Embedded,Lab Engineer ,Poland
Data Architecture,Database Architect,Mexico
Data Architecture,Database Architect,Mexico
Automated Testing Python,"Software Quality Engineer,",Poland
Automated Testing Python,"Software Quality Engineer,",Poland
Business Analysis,Senior Business Analyst - Trade Surveillance,India
Business Analysis,Senior Business Analyst - Trade Surveillance,India
Business Analysis,Senior Business Analyst - Trade Surveillance,India
Business Analysis,Senior Business Analyst - Trade Surveillance,India
DevOps,Lead - DevOps Engineer - Networking,India
DevOps,Lead - DevOps Engineer - Networking,India
Business Analysis,Senior Business Analyst - Digital Banking,India
Business Analysis,Senior Business Analyst - Digital Banking,India
Business Analysis,Senior Business Analyst - Digital Banking,India
Business Analysis,Senior Business Analyst - Digital Banking,India
DevOps,Senior/Lead Azure DevOps Engineer ,India
DevOps,Senior/Lead Azure DevOps Engineer ,India
DevOps,Lead DevOps,United States of America
DevOps,Lead DevOps,United States of America
Axiom,Senior Axiom Developer,India
Axiom,Senior Axiom Developer,India
Axiom,Senior Axiom Developer,India
Axiom,Senior Axiom Developer,India
Axiom,Senior Axiom Developer,India
Axiom,Senior Axiom Developer,India
Axiom,Senior Axiom Developer,India
Axiom,Senior Axiom Developer,India
Axiom,Senior Axiom Developer,India
Axiom,Senior Axiom Developer,India
Axiom,Senior Axiom Developer,India
Axiom,Senior Axiom Developer,India
Murex MxML,Senior Murex MxML/Interface Developer,Singapore
Murex MxML,Senior Murex MxML/Interface Developer,Singapore
Other Scripting Languages,Senior KDB Developer,India
Other Scripting Languages,Senior KDB Developer,India
Automated Testing Python,Senior Python Tester - Banking /Capital Markets,India
Automated Testing Python,Senior Python Tester - Banking /Capital Markets,India
Python,Senior Pyspark Developer,India
Python,Senior Pyspark Developer,India
Python,Senior Pyspark Developer,India
Python,Senior Pyspark Developer,India
Functional/System Analysis,Senior Business Functional Analyst,Romania
Functional/System Analysis,Senior Business Functional Analyst,Romania
Manual Testing,Senior QA Engineer ,Viet Nam
Manual Testing,Senior QA Engineer ,Viet Nam
Java,Senior Java developer ,Viet Nam
Java,Senior Java developer ,Viet Nam
Java Full Stack,Senior Java Fullstack developer ,Viet Nam
Java Full Stack,Senior Java Fullstack developer ,Viet Nam
Manual Testing,Technical Support Engineer u2013 L2,Poland
Manual Testing,Technical Support Engineer u2013 L2,Poland
C Embedded,Lead Software Developer - Customer Engineering - Networking,India
C Embedded,Lead Software Developer - Customer Engineering - Networking,India
C Embedded,Senior Software Developer - Manageability &amp; Security,India
C Embedded,Senior Software Developer - Manageability &amp; Security,India
C Embedded,Lead Software Developer - Management & Security - Networking,India
C Embedded,Lead Software Developer - Management & Security - Networking,India
C Embedded,Software Developer -- Manageability &amp; Security,India
C Embedded,Software Developer -- Manageability &amp; Security,India
C Embedded,Senior Software Developer - Networking platform,India
C Embedded,Senior Software Developer - Networking platform,India
C Embedded,Senior Software Developer - L2/L3 Networking Protocols,India
C Embedded,Senior Software Developer - L2/L3 Networking Protocols,India
C Embedded,Senior Software Developer - Customer Engineering - Networking,India
C Embedded,Senior Software Developer - Customer Engineering - Networking,India
C Embedded,Regular Software Developer - L2/L3 Networking Protocols,India
C Embedded,Regular Software Developer - L2/L3 Networking Protocols,India
Manual Testing,Lead - Solutions Test Engineer - Customer Engineering - Networking,India
Manual Testing,Lead - Solutions Test Engineer - Customer Engineering - Networking,India
Automated Testing Others,Senior Quality Engineer - Solution Testing & Automation - Networking,India
Automated Testing Others,Senior Quality Engineer - Solution Testing & Automation - Networking,India
C Embedded,Software Developer - L2/L3 Networking Datapath,India
C Embedded,Software Developer - L2/L3 Networking Datapath,India
Android,Senior Android Developer (Automotive OS Experience),Egypt
Android,Senior Android Developer (Automotive OS Experience),Egypt
Automated Testing Others,Senior Quality Engineer - Functional Testing & Automation - Networking,India
Automated Testing Others,Senior Quality Engineer - Functional Testing & Automation - Networking,India
AI/ML,Semantic AI/ML Architect,United Kingdom of Great Britain and Northern Ireland
AI/ML,Semantic AI/ML Architect,United Kingdom of Great Britain and Northern Ireland
C#/VB.NET,Senior Azure .NET Software Engineer,Romania
C#/VB.NET,Senior Azure .NET Software Engineer,Romania
C#/VB.NET,Senior Azure .NET Software Engineer,Poland
C#/VB.NET,Senior Azure .NET Software Engineer,Poland
C#/VB.NET,Senior Azure .NET Software Engineer,Bulgaria
C#/VB.NET,Senior Azure .NET Software Engineer,Bulgaria
C/C++,C++ Software Engineer,Romania
C/C++,C++ Software Engineer,Romania
C/C++,C++ Software Engineer,Poland
C/C++,C++ Software Engineer,Poland
C/C++,C++ Software Engineer,Bulgaria
C/C++,C++ Software Engineer,Bulgaria
Technical Support (SL3),Production Support Engineer L3(Java) ,Malaysia
Technical Support (SL3),Production Support Engineer L3(Java) ,Malaysia
"SQL (MySQL, T-SQL, Teradata etc.)",Senior Tableau Developer (Contractor),Poland
"SQL (MySQL, T-SQL, Teradata etc.)",Senior Tableau Developer (Contractor),Poland
Data Reporting & Analysis,Web Data Analyst (Adobe Analytics),Poland
Data Reporting & Analysis,Web Data Analyst (Adobe Analytics),Poland
System Administration,Senior Salesforce Administrator - Revenue Cloud (CPQ & Billing),Poland
System Administration,Senior Salesforce Administrator - Revenue Cloud (CPQ & Billing),Poland
HR Operations,HR Specialist,Ukraine
HR Operations,HR Specialist,Ukraine
DWH Development,Senior Data Engineer,United States of America
DWH Development,Senior Data Engineer,United States of America
Avaloq,Tax &amp; Capital Gains Specialist (CGCalc/CGiX),India
Avaloq,Tax &amp; Capital Gains Specialist (CGCalc/CGiX),India
Python,Senior Platform & Automation Engineer (Python + Tooling Specialist),Romania
Python,Senior Platform & Automation Engineer (Python + Tooling Specialist),Romania
DevOps,Senior DevOps Engineer ,Romania
DevOps,Senior DevOps Engineer ,Romania
Manual Testing,Senior Engineering Specialist,Romania
Manual Testing,Senior Engineering Specialist,Romania
Manual Testing,Senior Engineering Specialist,Poland
Manual Testing,Senior Engineering Specialist,Poland
DevOps,DevOps Engineer,India
DevOps,DevOps Engineer,India
Java,Senior Java Developer,India
Java,Senior Java Developer,India
Java Full Stack,Senior Developer (Angular+Java),Singapore
Java Full Stack,Senior Developer (Angular+Java),Singapore
DWH Development,Senior Data Engineer,United States of America
DWH Development,Senior Data Engineer,United States of America
DWH Development,Senior Data Engineer,United States of America
DWH Development,Senior Data Engineer,United States of America
Data Platform Engineering,Senior Data Engineer,Romania
Data Platform Engineering,Senior Data Engineer,Romania
Data Platform Engineering,Senior Data Engineer,Poland
Data Platform Engineering,Senior Data Engineer,Poland
Data Platform Engineering,Senior Data Engineer,Bulgaria
Data Platform Engineering,Senior Data Engineer,Bulgaria
Python,Lead Pyspark Developer,India
Python,Lead Pyspark Developer,India
Python,Lead Pyspark Developer,India
Python,Lead Pyspark Developer,India
DevOps,Senior DevOps Engineer with Python,United States of America
DevOps,Senior DevOps Engineer with Python,United States of America
Other Consulting,Azure Databricks Developer,Poland
Other Consulting,Azure Databricks Developer,Poland
Java,Senior Java Developer,Poland
Java,Senior Java Developer,Poland
C#/VB.NET,Senior Full Stack Developer (.NET & React),India
C#/VB.NET,Senior Full Stack Developer (.NET & React),India
Business Analysis,Senior Business Analyst,India
Business Analysis,Senior Business Analyst,India
Business Analysis,Senior Business Analyst,India
Business Analysis,Senior Business Analyst,India
Python,Senior Python Developer,India
Python,Senior Python Developer,India
Python,Senior Python Developer,India
Python,Senior Python Developer,India
Python,Senior Python Developer,India
Python,Senior Python Developer,India
Murex Testing,Senior Murex Tester,Malaysia
Murex Testing,Senior Murex Tester,Malaysia
Data Platform Engineering,Senior Data Engineer,Ukraine
Data Platform Engineering,Senior Data Engineer,Ukraine
Murex Datamart,Murex Datamart Developer ,Malaysia
Murex Datamart,Murex Datamart Developer ,Malaysia
Front-end React,Front-end Engineer (React),India
Front-end React,Front-end Engineer (React),India
Java,"Senior Software Engineer (Java, Azure, Microservices)",India
Java,"Senior Software Engineer (Java, Azure, Microservices)",India
Axiom,Axiom Developer,Australia
Axiom,Axiom Developer,Australia
Murex Others,Murex Architecture & Integration Manager,United States of America
Murex Others,Murex Architecture & Integration Manager,United States of America
Murex Others,Murex Architecture & Integration Manager,Mexico
Murex Others,Murex Architecture & Integration Manager,Mexico
Murex Others,Murex Architecture & Integration Manager,Canada
Murex Others,Murex Architecture & Integration Manager,Canada
Murex Others,Murex Configuration and Release Manager,United States of America
Murex Others,Murex Configuration and Release Manager,United States of America
Murex Others,Murex Configuration and Release Manager,Mexico
Murex Others,Murex Configuration and Release Manager,Mexico
